Time(ns),IO,nCE0,ALE,CLE,nWE,nRE,RnB,nWP,DQS
0,FF,1,0,0,1,1,1,1,1
5,FF,0,0,0,1,1,1,1,1
10,FF,0,0,0,1,1,0,1,1
15,20,0,0,1,0,1,0,1,1
20,20,0,0,1,1,1,0,1,1
35,20,0,0,1,0,1,0,1,1
65,20,0,0,0,0,1,0,1,1
70,B0,0,1,0,0,1,0,1,1
75,B0,0,1,0,1,1,0,1,1
90,B0,0,1,0,0,1,0,1,1
125,B0,0,0,0,0,1,0,1,1
130,B1,0,1,0,0,1,0,1,1
135,B1,0,1,0,1,1,0,1,1
150,B1,0,1,0,0,1,0,1,1
185,B1,0,0,0,0,1,0,1,1
190,B2,0,1,0,0,1,0,1,1
195,B2,0,1,0,1,1,0,1,1
210,B2,0,1,0,0,1,0,1,1
245,B2,0,0,0,0,1,0,1,1
250,B3,0,1,0,0,1,0,1,1
255,B3,0,1,0,1,1,0,1,1
270,B3,0,1,0,0,1,0,1,1
305,B3,0,0,0,0,1,0,1,1
310,B4,0,1,0,0,1,0,1,1
315,B4,0,1,0,1,1,0,1,1
330,B4,0,1,0,0,1,0,1,1
365,B4,0,0,0,0,1,0,1,1
370,B5,0,1,0,0,1,0,1,1
375,B5,0,1,0,1,1,0,1,1
390,B5,0,1,0,0,1,0,1,1
425,B5,0,0,0,0,1,0,1,1
430,B5,0,0,0,0,1,1,1,1
435,FF,0,0,0,0,1,1,1,1
440,FF,0,0,0,0,1,0,1,1
445,10,0,0,1,0,1,0,1,1
450,10,0,0,1,1,1,0,1,1
460,10,0,0,1,0,1,0,1,1
475,10,0,0,0,0,1,0,1,1
480,F0,0,1,0,0,1,0,1,1
485,F0,0,1,0,1,1,0,1,1
500,F0,0,1,0,0,1,0,1,1
535,F0,0,0,0,0,1,0,1,1
540,F1,0,1,0,0,1,0,1,1
545,F1,0,1,0,1,1,0,1,1
560,F1,0,1,0,0,1,0,1,1
595,F1,0,0,0,0,1,0,1,1
600,F2,0,1,0,0,1,0,1,1
605,F2,0,1,0,1,1,0,1,1
620,F2,0,1,0,0,1,0,1,1
655,F2,0,0,0,0,1,0,1,1
660,F3,0,1,0,0,1,0,1,1
665,F3,0,1,0,1,1,0,1,1
680,F3,0,1,0,0,1,0,1,1
715,F3,0,0,0,0,1,0,1,1
720,F4,0,1,0,0,1,0,1,1
725,F4,0,1,0,1,1,0,1,1
740,F4,0,1,0,0,1,0,1,1
775,F4,0,0,0,0,1,0,1,1
780,F5,0,1,0,0,1,0,1,1
785,F5,0,1,0,1,1,0,1,1
800,F5,0,1,0,0,1,0,1,1
835,F5,0,0,0,0,1,0,1,1
840,F5,0,0,0,0,1,1,1,1
845,FF,0,0,0,0,1,1,1,1
850,FF,0,0,0,0,1,0,1,1
855,10,0,0,1,0,1,0,1,1
860,10,0,0,1,1,1,0,1,1
875,10,0,0,1,0,1,0,1,1
905,10,0,0,0,0,1,0,1,1
910,C0,0,1,0,0,1,0,1,1
915,C0,0,1,0,1,1,0,1,1
930,C0,0,1,0,0,1,0,1,1
965,C0,0,0,0,0,1,0,1,1
970,C1,0,1,0,0,1,0,1,1
975,C1,0,1,0,1,1,0,1,1
990,C1,0,1,0,0,1,0,1,1
1025,C1,0,0,0,0,1,0,1,1
1030,C2,0,1,0,0,1,0,1,1
1035,C2,0,1,0,1,1,0,1,1
1050,C2,0,1,0,0,1,0,1,1
1085,C2,0,0,0,0,1,0,1,1
1090,C3,0,1,0,0,1,0,1,1
1095,C3,0,1,0,1,1,0,1,1
1110,C3,0,1,0,0,1,0,1,1
1145,C3,0,0,0,0,1,0,1,1
1150,C4,0,1,0,0,1,0,1,1
1155,C4,0,1,0,1,1,0,1,1
1170,C4,0,1,0,0,1,0,1,1
1205,C4,0,0,0,0,1,0,1,1
1210,C5,0,1,0,0,1,0,1,1
1215,C5,0,1,0,1,1,0,1,1
1230,C5,0,1,0,0,1,0,1,1
1265,C5,0,0,0,0,1,0,1,1
1270,C5,0,0,0,0,1,1,1,1
1275,FF,0,0,0,0,1,1,1,1
1280,FF,0,0,0,0,1,0,1,1
1285,10,0,0,1,0,1,0,1,1
1290,10,0,0,1,1,1,0,1,1
1305,10,0,0,1,0,1,0,1,1
1335,10,0,0,0,0,1,0,1,1
1340,C0,0,1,0,0,1,0,1,1
1345,C0,0,1,0,1,1,0,1,1
1360,C0,0,1,0,0,1,0,1,1
1395,C0,0,0,0,0,1,0,1,1
1400,C1,0,1,0,0,1,0,1,1
1405,C1,0,1,0,1,1,0,1,1
1420,C1,0,1,0,0,1,0,1,1
1455,C1,0,0,0,0,1,0,1,1
1460,C2,0,1,0,0,1,0,1,1
1465,C2,0,1,0,1,1,0,1,1
1480,C2,0,1,0,0,1,0,1,1
1515,C2,0,0,0,0,1,0,1,1
1520,C3,0,1,0,0,1,0,1,1
1525,C3,0,1,0,1,1,0,1,1
1540,C3,0,1,0,0,1,0,1,1
1575,C3,0,0,0,0,1,0,1,1
1580,C4,0,1,0,0,1,0,1,1
1585,C4,0,1,0,1,1,0,1,1
1600,C4,0,1,0,0,1,0,1,1
1635,C4,0,0,0,0,1,0,1,1
1640,C5,0,1,0,0,1,0,1,1
1645,C5,0,1,0,1,1,0,1,1
1660,C5,0,1,0,0,1,0,1,1
1695,C5,0,0,0,0,1,0,1,1
1700,C5,0,0,0,0,1,1,1,1
1705,FF,0,0,0,0,1,1,1,1
1710,FF,0,0,0,0,1,0,1,1
1715,20,0,0,1,0,1,0,1,1
1720,20,0,0,1,1,1,0,1,1
1735,20,0,0,1,0,1,0,1,1
1765,20,0,0,0,0,1,0,1,1
1770,B0,0,1,0,0,1,0,1,1
1775,B0,0,1,0,1,1,0,1,1
1790,B0,0,1,0,0,1,0,1,1
1825,B0,0,0,0,0,1,0,1,1
1830,B1,0,1,0,0,1,0,1,1
1835,B1,0,1,0,1,1,0,1,1
1850,B1,0,1,0,0,1,0,1,1
1885,B1,0,0,0,0,1,0,1,1
1890,B2,0,1,0,0,1,0,1,1
1895,B2,0,1,0,1,1,0,1,1
1910,B2,0,1,0,0,1,0,1,1
1945,B2,0,0,0,0,1,0,1,1
1950,B3,0,1,0,0,1,0,1,1
1955,B3,0,1,0,1,1,0,1,1
1970,B3,0,1,0,0,1,0,1,1
2005,B3,0,0,0,0,1,0,1,1
2010,B4,0,1,0,0,1,0,1,1
2015,B4,0,1,0,1,1,0,1,1
2030,B4,0,1,0,0,1,0,1,1
2065,B4,0,0,0,0,1,0,1,1
2070,B5,0,1,0,0,1,0,1,1
2075,B5,0,1,0,1,1,0,1,1
2090,B5,0,1,0,0,1,0,1,1
2125,B5,0,0,0,0,1,0,1,1
2130,B5,0,0,0,0,1,1,1,1
2135,FF,0,0,0,0,1,1,1,1
2140,FF,0,0,0,0,1,1,1,1
2145,30,0,0,1,0,1,1,1,1
2150,30,0,0,1,1,1,1,1,1
2165,30,0,0,1,0,1,1,1,1
2195,30,0,0,0,0,1,1,1,1
2200,30,0,0,0,0,1,0,1,1
2205,A0,0,1,0,0,1,0,1,1
2210,A0,0,1,0,1,1,0,1,1
2225,A0,0,1,0,0,1,0,1,1
2260,A0,0,0,0,0,1,0,1,1
2265,A0,0,0,0,0,1,0,1,1
2270,A1,0,1,0,0,1,0,1,1
2275,A1,0,1,0,1,1,0,1,1
2290,A1,0,1,0,0,1,0,1,1
2325,A1,0,0,0,0,1,0,1,1
2330,A1,0,0,0,0,1,0,1,1
2335,A2,0,1,0,0,1,0,1,1
2340,A2,0,1,0,1,1,0,1,1
2355,A2,0,1,0,0,1,0,1,1
2390,A2,0,0,0,0,1,0,1,1
2395,A2,0,0,0,0,1,0,1,1
2400,A3,0,1,0,0,1,0,1,1
2405,A3,0,1,0,1,1,0,1,1
2420,A3,0,1,0,0,1,0,1,1
2455,A3,0,0,0,0,1,0,1,1
2460,A3,0,0,0,0,1,0,1,1
2465,A4,0,1,0,0,1,0,1,1
2470,A4,0,1,0,1,1,0,1,1
2485,A4,0,1,0,0,1,0,1,1
2520,A4,0,0,0,0,1,0,1,1
2525,A4,0,0,0,0,1,0,1,1
2530,A5,0,1,0,0,1,0,1,1
2535,A5,0,1,0,1,1,0,1,1
2550,A5,0,1,0,0,1,0,1,1
2585,A5,0,0,0,0,1,0,1,1
2590,A5,0,0,0,0,1,1,1,1
2595,FF,0,0,0,0,1,1,1,1
2600,FF,0,0,0,0,1,0,1,1
2605,7E,0,0,1,0,1,0,1,1
2610,7E,0,0,1,1,1,0,1,1
2625,7E,0,0,1,0,1,0,1,1
2655,7E,0,0,0,0,1,0,1,1
2660,B0,0,1,0,0,1,0,1,1
2665,B0,0,1,0,1,1,0,1,1
2680,B0,0,1,0,0,1,0,1,1
2715,B0,0,0,0,0,1,0,1,1
2720,B1,0,1,0,0,1,0,1,1
2725,B1,0,1,0,1,1,0,1,1
2740,B1,0,1,0,0,1,0,1,1
2775,B1,0,0,0,0,1,0,1,1
2780,B2,0,1,0,0,1,0,1,1
2785,B2,0,1,0,1,1,0,1,1
2800,B2,0,1,0,0,1,0,1,1
2835,B2,0,0,0,0,1,0,1,1
2840,B3,0,1,0,0,1,0,1,1
2845,B3,0,1,0,1,1,0,1,1
2860,B3,0,1,0,0,1,0,1,1
2895,B3,0,0,0,0,1,0,1,1
2900,B4,0,1,0,0,1,0,1,1
2905,B4,0,1,0,1,1,0,1,1
2920,B4,0,1,0,0,1,0,1,1
2955,B4,0,0,0,0,1,0,1,1
2960,B5,0,1,0,0,1,0,1,1
2965,B5,0,1,0,1,1,0,1,1
2980,B5,0,1,0,0,1,0,1,1
3015,B5,0,0,0,0,1,0,1,1
3020,B5,0,0,0,0,1,1,1,1
3025,FF,0,0,0,0,1,1,1,1
3030,FF,0,0,0,0,1,0,1,1
3035,30,0,0,1,0,1,0,1,1
3040,30,0,0,1,1,1,0,1,1
3055,30,0,0,1,0,1,0,1,1
3085,30,0,0,0,0,1,0,1,1
3090,A0,0,1,0,0,1,0,1,1
3095,A0,0,1,0,1,1,0,1,1
3110,A0,0,1,0,0,1,0,1,1
3145,A0,0,0,0,0,1,0,1,1
3150,A1,0,1,0,0,1,0,1,1
3155,A1,0,1,0,1,1,0,1,1
3170,A1,0,1,0,0,1,0,1,1
3205,A1,0,0,0,0,1,0,1,1
3210,A2,0,1,0,0,1,0,1,1
3215,A2,0,1,0,1,1,0,1,1
3230,A2,0,1,0,0,1,0,1,1
3265,A2,0,0,0,0,1,0,1,1
3270,A3,0,1,0,0,1,0,1,1
3275,A3,0,1,0,1,1,0,1,1
3295,A3,0,1,0,0,1,0,1,1
3320,A3,0,0,0,0,1,0,1,1
3325,A4,0,1,0,0,1,0,1,1
3330,A4,0,1,0,1,1,0,1,1
3350,A4,0,1,0,0,1,0,1,1
3375,A4,0,0,0,0,1,0,1,1
3380,A5,0,1,0,0,1,0,1,1
3385,A5,0,1,0,1,1,0,1,1
3405,A5,0,1,0,0,1,0,1,1
3430,A5,0,0,0,0,1,0,1,1
3435,A5,0,0,0,0,1,1,1,1
3440,FF,0,0,0,0,1,1,1,1
3445,FF,0,0,0,0,1,0,1,1
3450,20,0,0,1,0,1,0,1,1
3455,20,0,0,1,1,1,0,1,1
3470,20,0,0,1,0,1,0,1,1
3500,20,0,0,0,0,1,0,1,1
3505,B0,0,0,0,0,1,0,1,1
3510,B0,0,0,0,1,1,0,1,1
3520,B0,0,0,0,0,1,0,1,1
3550,B0,0,0,0,0,1,0,1,1
3555,B1,0,0,0,0,1,0,1,1
3560,B1,0,0,0,1,1,0,1,1
3570,B1,0,0,0,0,1,0,1,1
3600,B1,0,0,0,0,1,0,1,1
3605,B2,0,0,0,0,1,0,1,1
3610,B2,0,0,0,1,1,0,1,1
3620,B2,0,0,0,0,1,0,1,1
3650,B2,0,0,0,0,1,0,1,1
3655,B3,0,0,0,0,1,0,1,1
3660,B3,0,0,0,1,1,0,1,1
3670,B3,0,0,0,0,1,0,1,1
3700,B3,0,0,0,0,1,0,1,1
3705,B4,0,0,0,0,1,0,1,1
3710,B4,0,0,0,1,1,0,1,1
3720,B4,0,0,0,0,1,0,1,1
3750,B4,0,0,0,0,1,0,1,1
3755,B5,0,0,0,0,1,0,1,1
3760,B5,0,0,0,1,1,0,1,1
3770,B5,0,0,0,0,1,0,1,1
3800,B5,0,0,0,0,1,0,1,1
3805,B5,0,0,0,0,1,1,1,1
3810,FF,0,0,0,0,1,1,1,1
3815,FF,0,0,0,0,1,0,1,1
3820,30,0,0,1,0,1,0,1,1
3825,30,0,0,1,1,1,0,1,1
3840,30,0,0,1,0,1,0,1,1
3870,30,0,0,0,0,1,0,1,1
3875,A0,0,1,0,0,1,0,1,1
3880,A0,0,1,0,1,1,0,1,1
3895,A0,0,1,0,0,1,0,1,1
3930,A0,0,0,0,0,1,0,1,1
3935,A1,0,1,0,0,1,0,1,1
3940,A1,0,1,0,1,1,0,1,1
3955,A1,0,1,0,0,1,0,1,1
3990,A1,0,0,0,0,1,0,1,1
3995,A2,0,1,0,0,1,0,1,1
4000,A2,0,1,0,1,1,0,1,1
4015,A2,0,1,0,0,1,0,1,1
4050,A2,0,0,0,0,1,0,1,1
4055,A3,0,1,0,0,1,0,1,1
4060,A3,0,1,0,1,1,0,1,1
4075,A3,0,1,0,0,1,0,1,1
4110,A3,0,0,0,0,1,0,1,1
4115,A4,0,1,0,0,1,0,1,1
4120,A4,0,1,0,1,1,0,1,1
4135,A4,0,1,0,0,1,0,1,1
4170,A4,0,0,0,0,1,0,1,1
4175,A5,0,1,0,0,1,0,1,1
4180,A5,0,1,0,1,1,0,1,1
4195,A5,0,1,0,0,1,0,1,1
4230,A5,0,0,0,0,1,0,1,1
4235,A5,0,0,0,0,1,1,1,1
4240,FF,0,0,0,0,1,1,1,1
4245,FF,0,0,0,0,1,0,1,1
4250,20,0,0,1,0,1,0,1,1
4255,20,0,0,1,1,1,0,1,1
4265,20,0,0,1,0,1,0,1,1
4280,20,0,0,0,0,1,0,1,1
4285,E0,0,1,0,0,1,0,1,1
4290,E0,0,1,0,1,1,0,1,1
4305,E0,0,1,0,0,1,0,1,1
4340,E0,0,0,0,0,1,0,1,1
4345,E1,0,1,0,0,1,0,1,1
4350,E1,0,1,0,1,1,0,1,1
4365,E1,0,1,0,0,1,0,1,1
4400,E1,0,0,0,0,1,0,1,1
4405,E2,0,1,0,0,1,0,1,1
4410,E2,0,1,0,1,1,0,1,1
4425,E2,0,1,0,0,1,0,1,1
4460,E2,0,0,0,0,1,0,1,1
4465,E3,0,1,0,0,1,0,1,1
4470,E3,0,1,0,1,1,0,1,1
4485,E3,0,1,0,0,1,0,1,1
4520,E3,0,0,0,0,1,0,1,1
4525,E4,0,1,0,0,1,0,1,1
4530,E4,0,1,0,1,1,0,1,1
4545,E4,0,1,0,0,1,0,1,1
4580,E4,0,0,0,0,1,0,1,1
4585,E5,0,1,0,0,1,0,1,1
4590,E5,0,1,0,1,1,0,1,1
4605,E5,0,1,0,0,1,0,1,1
4640,E5,0,0,0,0,1,0,1,1
4645,E5,0,0,0,0,1,1,1,1
4650,FF,0,0,0,0,1,1,1,1
4655,FF,0,0,0,0,1,0,1,1
4660,10,0,0,1,0,1,0,1,1
4665,10,0,0,1,1,1,0,1,1
4680,10,0,0,1,0,1,0,1,1
4710,10,0,0,0,0,1,0,1,1
4715,C0,0,1,0,0,1,0,1,1
4720,C0,0,1,0,1,1,0,1,1
4735,C0,0,1,0,0,1,0,1,1
4770,C0,0,0,0,0,1,0,1,1
4775,C1,0,1,0,0,1,0,1,1
4780,C1,0,1,0,1,1,0,1,1
4795,C1,0,1,0,0,1,0,1,1
4830,C1,0,0,0,0,1,0,1,1
4835,C2,0,1,0,0,1,0,1,1
4840,C2,0,1,0,1,1,0,1,1
4855,C2,0,1,0,0,1,0,1,1
4890,C2,0,0,0,0,1,0,1,1
4895,C3,0,1,0,0,1,0,1,1
4900,C3,0,1,0,1,1,0,1,1
4920,C3,0,1,0,0,1,0,1,1
4945,C3,0,0,0,0,1,0,1,1
4950,C4,0,1,0,0,1,0,1,1
4955,C4,0,1,0,1,1,0,1,1
4975,C4,0,1,0,0,1,0,1,1
5000,C4,0,0,0,0,1,0,1,1
5005,C5,0,1,0,0,1,0,1,1
5010,C5,0,1,0,1,1,0,1,1
5030,C5,0,1,0,0,1,0,1,1
5055,C5,0,0,0,0,1,0,1,1
5060,C5,0,0,0,0,1,1,1,1
5065,FF,0,0,0,0,1,1,1,1
5070,FF,0,0,0,0,1,0,1,1
5075,30,0,0,1,0,1,0,1,1
5080,30,0,0,1,1,1,0,1,1
5090,30,0,0,1,0,1,0,1,1
5105,30,0,0,0,0,1,0,1,1
5110,D0,0,1,0,0,1,0,1,1
5115,D0,0,1,0,1,1,0,1,1
5130,D0,0,1,0,0,1,0,1,1
5165,D0,0,0,0,0,1,0,1,1
5170,D1,0,1,0,0,1,0,1,1
5175,D1,0,1,0,1,1,0,1,1
5190,D1,0,1,0,0,1,0,1,1
5225,D1,0,0,0,0,1,0,1,1
5230,D2,0,1,0,0,1,0,1,1
5235,D2,0,1,0,1,1,0,1,1
5250,D2,0,1,0,0,1,0,1,1
5285,D2,0,0,0,0,1,0,1,1
5290,D3,0,1,0,0,1,0,1,1
5295,D3,0,1,0,1,1,0,1,1
5310,D3,0,1,0,0,1,0,1,1
5345,D3,0,0,0,0,1,0,1,1
5350,D4,0,1,0,0,1,0,1,1
5355,D4,0,1,0,1,1,0,1,1
5370,D4,0,1,0,0,1,0,1,1
5405,D4,0,0,0,0,1,0,1,1
5410,D5,0,1,0,0,1,0,1,1
5415,D5,0,1,0,1,1,0,1,1
5430,D5,0,1,0,0,1,0,1,1
5465,D5,0,0,0,0,1,0,1,1
5470,D5,0,0,0,0,1,1,1,1
5475,FF,0,0,0,0,1,1,1,1
5480,FF,0,0,0,0,1,0,1,1
5485,30,0,0,1,0,1,0,1,1
5490,30,0,0,1,1,1,0,1,1
5500,30,0,0,1,0,1,0,1,1
5515,30,0,0,0,0,1,0,1,1
5520,D0,0,1,0,0,1,0,1,1
5525,D0,0,1,0,1,1,0,1,1
5540,D0,0,1,0,0,1,0,1,1
5575,D0,0,0,0,0,1,0,1,1
5580,D1,0,1,0,0,1,0,1,1
5585,D1,0,1,0,1,1,0,1,1
5600,D1,0,1,0,0,1,0,1,1
5635,D1,0,0,0,0,1,0,1,1
5640,D2,0,1,0,0,1,0,1,1
5645,D2,0,1,0,1,1,0,1,1
5660,D2,0,1,0,0,1,0,1,1
5695,D2,0,0,0,0,1,0,1,1
5700,D3,0,1,0,0,1,0,1,1
5705,D3,0,1,0,1,1,0,1,1
5720,D3,0,1,0,0,1,0,1,1
5755,D3,0,0,0,0,1,0,1,1
5760,D4,0,1,0,0,1,0,1,1
5765,D4,0,1,0,1,1,0,1,1
5780,D4,0,1,0,0,1,0,1,1
5815,D4,0,0,0,0,1,0,1,1
5820,D5,0,1,0,0,1,0,1,1
5825,D5,0,1,0,1,1,0,1,1
5840,D5,0,1,0,0,1,0,1,1
5875,D5,0,0,0,0,1,0,1,1
5880,D5,0,0,0,0,1,1,1,1
5885,FF,0,0,0,0,1,1,1,1
5890,FF,0,0,0,0,1,0,1,1
5895,20,0,0,1,0,1,0,1,1
5900,20,0,0,1,1,1,0,1,1
5910,20,0,0,1,0,1,0,1,1
5925,20,0,0,0,0,1,0,1,1
5930,E0,0,1,0,0,1,0,1,1
5935,E0,0,1,0,1,1,0,1,1
5950,E0,0,1,0,0,1,0,1,1
5985,E0,0,0,0,0,1,0,1,1
5990,E1,0,1,0,0,1,0,1,1
5995,E1,0,1,0,1,1,0,1,1
6010,E1,0,1,0,0,1,0,1,1
6045,E1,0,0,0,0,1,0,1,1
6050,E2,0,1,0,0,1,0,1,1
6055,E2,0,1,0,1,1,0,1,1
6070,E2,0,1,0,0,1,0,1,1
6105,E2,0,0,0,0,1,0,1,1
6110,E3,0,1,0,0,1,0,1,1
6115,E3,0,1,0,1,1,0,1,1
6130,E3,0,1,0,0,1,0,1,1
6165,E3,0,0,0,0,1,0,1,1
6170,E4,0,1,0,0,1,0,1,1
6175,E4,0,1,0,1,1,0,1,1
6190,E4,0,1,0,0,1,0,1,1
6225,E4,0,0,0,0,1,0,1,1
6230,E5,0,1,0,0,1,0,1,1
6235,E5,0,1,0,1,1,0,1,1
6250,E5,0,1,0,0,1,0,1,1
6285,E5,0,0,0,0,1,0,1,1
6290,E5,0,0,0,0,1,1,1,1
6295,FF,0,0,0,0,1,1,1,1
6300,FF,0,0,0,0,1,0,1,1
6305,30,0,0,1,0,1,0,1,1
6310,30,0,0,1,1,1,0,1,1
6325,30,0,0,1,0,1,0,1,1
6355,30,0,0,0,0,1,0,1,1
6360,A0,0,1,0,0,1,0,1,1
6365,A0,0,1,0,1,1,0,1,1
6380,A0,0,1,0,0,1,0,1,1
6415,A0,0,0,0,0,1,0,1,1
6420,A1,0,1,0,0,1,0,1,1
6425,A1,0,1,0,1,1,0,1,1
6440,A1,0,1,0,0,1,0,1,1
6475,A1,0,0,0,0,1,0,1,1
6480,A2,0,1,0,0,1,0,1,1
6485,A2,0,1,0,1,1,0,1,1
6500,A2,0,1,0,0,1,0,1,1
6535,A2,0,0,0,0,1,0,1,1
6540,A3,0,1,0,0,1,0,1,1
6545,A3,0,1,0,1,1,0,1,1
6560,A3,0,1,0,0,1,0,1,1
6595,A3,0,0,0,0,1,0,1,1
6600,A4,0,1,0,0,1,0,1,1
6605,A4,0,1,0,1,1,0,1,1
6620,A4,0,1,0,0,1,0,1,1
6655,A4,0,0,0,0,1,0,1,1
6660,A5,0,1,0,0,1,0,1,1
6665,A5,0,1,0,1,1,0,1,1
6680,A5,0,1,0,0,1,0,1,1
6715,A5,0,0,0,0,1,0,1,1
6720,A5,0,0,0,0,1,1,1,1
6725,FF,0,0,0,0,1,1,1,1
6730,FF,0,0,0,0,1,0,1,1
6735,7E,0,0,1,0,1,0,1,1
6740,7E,0,0,1,1,1,0,1,1
6755,7E,0,0,1,0,1,0,1,1
6785,7E,0,0,0,0,1,0,1,1
6790,B0,0,1,0,0,1,0,1,1
6795,B0,0,1,0,1,1,0,1,1
6810,B0,0,1,0,0,1,0,1,1
6845,B0,0,0,0,0,1,0,1,1
6850,B1,0,1,0,0,1,0,1,1
6855,B1,0,1,0,1,1,0,1,1
6870,B1,0,1,0,0,1,0,1,1
6905,B1,0,0,0,0,1,0,1,1
6910,B2,0,1,0,0,1,0,1,1
6915,B2,0,1,0,1,1,0,1,1
6930,B2,0,1,0,0,1,0,1,1
6965,B2,0,0,0,0,1,0,1,1
6970,B3,0,1,0,0,1,0,1,1
6975,B3,0,1,0,1,1,0,1,1
6990,B3,0,1,0,0,1,0,1,1
7025,B3,0,0,0,0,1,0,1,1
7030,B4,0,1,0,0,1,0,1,1
7035,B4,0,1,0,1,1,0,1,1
7050,B4,0,1,0,0,1,0,1,1
7085,B4,0,0,0,0,1,0,1,1
7090,B5,0,1,0,0,1,0,1,1
7095,B5,0,1,0,1,1,0,1,1
7110,B5,0,1,0,0,1,0,1,1
7145,B5,0,0,0,0,1,0,1,1
7150,B5,0,0,0,0,1,1,1,1
7155,FF,0,0,0,0,1,1,1,1
7160,FF,0,0,0,0,1,0,1,1
7165,10,0,0,1,0,1,0,1,1
7170,10,0,0,1,1,1,0,1,1
7185,10,0,0,1,0,1,0,1,1
7215,10,0,0,0,0,1,0,1,1
7220,C0,0,1,0,0,1,0,1,1
7225,C0,0,1,0,1,1,0,1,1
7240,C0,0,1,0,0,1,0,1,1
7275,C0,0,0,0,0,1,0,1,1
7280,C1,0,1,0,0,1,0,1,1
7285,C1,0,1,0,1,1,0,1,1
7300,C1,0,1,0,0,1,0,1,1
7335,C1,0,0,0,0,1,0,1,1
7340,C2,0,1,0,0,1,0,1,1
7345,C2,0,1,0,1,1,0,1,1
7360,C2,0,1,0,0,1,0,1,1
7395,C2,0,0,0,0,1,0,1,1
7400,C3,0,1,0,0,1,0,1,1
7405,C3,0,1,0,1,1,0,1,1
7425,C3,0,1,0,0,1,0,1,1
7450,C3,0,0,0,0,1,0,1,1
7455,C4,0,1,0,0,1,0,1,1
7460,C4,0,1,0,1,1,0,1,1
7480,C4,0,1,0,0,1,0,1,1
7505,C4,0,0,0,0,1,0,1,1
7510,C5,0,1,0,0,1,0,1,1
7515,C5,0,1,0,1,1,0,1,1
7535,C5,0,1,0,0,1,0,1,1
7560,C5,0,0,0,0,1,0,1,1
7565,C5,0,0,0,0,1,1,1,1
7570,FF,0,0,0,0,1,1,1,1
7575,FF,0,0,0,0,1,0,1,1
7580,20,0,0,1,0,1,0,1,1
7585,20,0,0,1,1,1,0,1,1
7600,20,0,0,1,0,1,0,1,1
7630,20,0,0,0,0,1,0,1,1
7635,B0,0,1,0,0,1,0,1,1
7640,B0,0,1,0,1,1,0,1,1
7655,B0,0,1,0,0,1,0,1,1
7690,B0,0,0,0,0,1,0,1,1
7695,B1,0,1,0,0,1,0,1,1
7700,B1,0,1,0,1,1,0,1,1
7715,B1,0,1,0,0,1,0,1,1
7750,B1,0,0,0,0,1,0,1,1
7755,B2,0,1,0,0,1,0,1,1
7760,B2,0,1,0,1,1,0,1,1
7775,B2,0,1,0,0,1,0,1,1
7810,B2,0,0,0,0,1,0,1,1
7815,B3,0,1,0,0,1,0,1,1
7820,B3,0,1,0,1,1,0,1,1
7840,B3,0,1,0,0,1,0,1,1
7865,B3,0,0,0,0,1,0,1,1
7870,B4,0,1,0,0,1,0,1,1
7875,B4,0,1,0,1,1,0,1,1
7895,B4,0,1,0,0,1,0,1,1
7920,B4,0,0,0,0,1,0,1,1
7925,B5,0,1,0,0,1,0,1,1
7930,B5,0,1,0,1,1,0,1,1
7950,B5,0,1,0,0,1,0,1,1
7975,B5,0,0,0,0,1,0,1,1
7980,B5,0,0,0,0,1,1,1,1
7985,FF,0,0,0,0,1,1,1,1
7990,FF,0,0,0,0,1,0,1,1
7995,10,0,1,1,0,1,0,1,1
8000,10,0,1,1,1,1,0,1,1
8015,10,0,1,1,0,1,0,1,1
8045,10,0,0,0,0,1,0,1,1
8050,10,0,0,0,0,1,1,1,1
8055,FF,0,0,0,0,1,1,1,1
8060,FF,0,0,0,0,1,0,1,1
8065,20,0,0,1,0,1,0,1,1
8070,20,0,0,1,1,1,0,1,1
8080,20,0,0,1,0,1,0,1,1
8095,20,0,0,0,0,1,0,1,1
8100,E0,0,1,0,0,1,0,1,1
8105,E0,0,1,0,1,1,0,1,1
8120,E0,0,1,0,0,1,0,1,1
8155,E0,0,0,0,0,1,0,1,1
8160,E1,0,1,0,0,1,0,1,1
8165,E1,0,1,0,1,1,0,1,1
8180,E1,0,1,0,0,1,0,1,1
8215,E1,0,0,0,0,1,0,1,1
8220,E2,0,1,0,0,1,0,1,1
8225,E2,0,1,0,1,1,0,1,1
8240,E2,0,1,0,0,1,0,1,1
8275,E2,0,0,0,0,1,0,1,1
8280,E3,0,1,0,0,1,0,1,1
8285,E3,0,1,0,1,1,0,1,1
8300,E3,0,1,0,0,1,0,1,1
8335,E3,0,0,0,0,1,0,1,1
8340,E4,0,1,0,0,1,0,1,1
8345,E4,0,1,0,1,1,0,1,1
8360,E4,0,1,0,0,1,0,1,1
8395,E4,0,0,0,0,1,0,1,1
8400,E5,0,1,0,0,1,0,1,1
8405,E5,0,1,0,1,1,0,1,1
8420,E5,0,1,0,0,1,0,1,1
8455,E5,0,0,0,0,1,0,1,1
8460,E5,0,0,0,0,1,1,1,1
8465,FF,0,0,0,0,1,1,1,1
8470,FF,0,0,0,0,1,0,1,1
8475,30,0,0,1,0,1,0,1,1
8480,30,0,0,1,1,1,0,1,1
8490,30,0,0,1,0,1,0,1,1
8505,30,0,0,0,0,1,0,1,1
8510,D0,0,1,0,0,1,0,1,1
8515,D0,0,1,0,1,1,0,1,1
8530,D0,0,1,0,0,1,0,1,1
8565,D0,0,0,0,0,1,0,1,1
8570,D1,0,1,0,0,1,0,1,1
8575,D1,0,1,0,1,1,0,1,1
8590,D1,0,1,0,0,1,0,1,1
8625,D1,0,0,0,0,1,0,1,1
8630,D2,0,1,0,0,1,0,1,1
8635,D2,0,1,0,1,1,0,1,1
8650,D2,0,1,0,0,1,0,1,1
8685,D2,0,0,0,0,1,0,1,1
8690,D3,0,1,0,0,1,0,1,1
8695,D3,0,1,0,1,1,0,1,1
8710,D3,0,1,0,0,1,0,1,1
8745,D3,0,0,0,0,1,0,1,1
8750,D4,0,1,0,0,1,0,1,1
8755,D4,0,1,0,1,1,0,1,1
8770,D4,0,1,0,0,1,0,1,1
8805,D4,0,0,0,0,1,0,1,1
8810,D5,0,1,0,0,1,0,1,1
8815,D5,0,1,0,1,1,0,1,1
8830,D5,0,1,0,0,1,0,1,1
8865,D5,0,0,0,0,1,0,1,1
8870,D5,0,0,0,0,1,1,1,1
8875,FF,0,0,0,0,1,1,1,1
8880,FF,0,0,0,0,1,0,1,1
8885,10,0,0,1,0,1,0,1,1
8890,10,0,0,1,1,1,0,1,1
8905,10,0,0,1,0,1,0,1,1
8935,10,0,0,0,0,1,0,1,1
8940,C0,0,1,0,0,1,0,1,1
8945,C0,0,1,0,1,1,0,1,1
8960,C0,0,1,0,0,1,0,1,1
8995,C0,0,0,0,0,1,0,1,1
9000,C1,0,1,0,0,1,0,1,1
9005,C1,0,1,0,1,1,0,1,1
9020,C1,0,1,0,0,1,0,1,1
9055,C1,0,0,0,0,1,0,1,1
9060,C2,0,1,0,0,1,0,1,1
9065,C2,0,1,0,1,1,0,1,1
9080,C2,0,1,0,0,1,0,1,1
9115,C2,0,0,0,0,1,0,1,1
9120,C3,0,1,0,0,1,0,1,1
9125,C3,0,1,0,1,1,0,1,1
9145,C3,0,1,0,0,1,0,1,1
9170,C3,0,0,0,0,1,0,1,1
9175,C4,0,1,0,0,1,0,1,1
9180,C4,0,1,0,1,1,0,1,1
9200,C4,0,1,0,0,1,0,1,1
9225,C4,0,0,0,0,1,0,1,1
9230,C5,0,1,0,0,1,0,1,1
9235,C5,0,1,0,1,1,0,1,1
9255,C5,0,1,0,0,1,0,1,1
9280,C5,0,0,0,0,1,0,1,1
9285,C5,0,0,0,0,1,1,1,1
9290,FF,0,0,0,0,1,1,1,1
9295,FF,0,0,0,0,1,0,1,1
9300,7E,0,0,1,0,1,0,1,1
9305,7E,0,0,1,1,1,0,1,1
9320,7E,0,0,1,0,1,0,1,1
9350,7E,0,0,0,0,1,0,1,1
9355,B0,0,1,0,0,1,0,1,1
9360,B0,0,1,0,1,1,0,1,1
9375,B0,0,1,0,0,1,0,1,1
9410,B0,0,0,0,0,1,0,1,1
9415,B1,0,1,0,0,1,0,1,1
9420,B1,0,1,0,1,1,0,1,1
9435,B1,0,1,0,0,1,0,1,1
9470,B1,0,0,0,0,1,0,1,1
9475,B2,0,1,0,0,1,0,1,1
9480,B2,0,1,0,1,1,0,1,1
9495,B2,0,1,0,0,1,0,1,1
9530,B2,0,0,0,0,1,0,1,1
9535,B3,0,1,0,0,1,0,1,1
9540,B3,0,1,0,1,1,0,1,1
9555,B3,0,1,0,0,1,0,1,1
9590,B3,0,0,0,0,1,0,1,1
9595,B4,0,1,0,0,1,0,1,1
9600,B4,0,1,0,1,1,0,1,1
9615,B4,0,1,0,0,1,0,1,1
9650,B4,0,0,0,0,1,0,1,1
9655,B5,0,1,0,0,1,0,1,1
9660,B5,0,1,0,1,1,0,1,1
9675,B5,0,1,0,0,1,0,1,1
9710,B5,0,0,0,0,1,0,1,1
9715,B5,0,0,0,0,1,1,1,1
9720,FF,0,0,0,0,1,1,1,1
9725,FF,0,0,0,0,1,0,1,1
9730,10,0,0,1,0,1,0,1,1
9735,10,0,0,1,1,1,0,1,1
9750,10,0,0,1,0,1,0,1,1
9780,10,0,0,0,0,1,0,1,1
9785,C0,0,1,0,0,1,0,1,1
9790,C0,0,1,0,1,1,0,1,1
9805,C0,0,1,0,0,1,0,1,1
9840,C0,0,0,0,0,1,0,1,1
9845,C1,0,1,0,0,1,0,1,1
9850,C1,0,1,0,1,1,0,1,1
9865,C1,0,1,0,0,1,0,1,1
9900,C1,0,0,0,0,1,0,1,1
9905,C2,0,1,0,0,1,0,1,1
9910,C2,0,1,0,1,1,0,1,1
9925,C2,0,1,0,0,1,0,1,1
9960,C2,0,0,0,0,1,0,1,1
9965,C3,0,1,0,0,1,0,1,1
9970,C3,0,1,0,1,1,0,1,1
9985,C3,0,1,0,0,1,0,1,1
10020,C3,0,0,0,0,1,0,1,1
10025,C4,0,1,0,0,1,0,1,1
10030,C4,0,1,0,1,1,0,1,1
10045,C4,0,1,0,0,1,0,1,1
10080,C4,0,0,0,0,1,0,1,1
10085,C5,0,1,0,0,1,0,1,1
10090,C5,0,1,0,1,1,0,1,1
10105,C5,0,1,0,0,1,0,1,1
10140,C5,0,0,0,0,1,0,1,1
10145,C5,0,0,0,0,1,1,1,1
10150,FF,0,0,0,0,1,1,1,1
10155,FF,0,0,0,0,1,0,1,1
10160,30,0,0,1,0,1,0,1,1
10165,30,0,0,1,1,1,0,1,1
10175,30,0,0,1,0,1,0,1,1
10190,30,0,0,0,0,1,0,1,1
10195,D0,0,1,0,0,1,0,1,1
10200,D0,0,1,0,1,1,0,1,1
10215,D0,0,1,0,0,1,0,1,1
10250,D0,0,0,0,0,1,0,1,1
10255,D1,0,1,0,0,1,0,1,1
10260,D1,0,1,0,1,1,0,1,1
10275,D1,0,1,0,0,1,0,1,1
10310,D1,0,0,0,0,1,0,1,1
10315,D2,0,1,0,0,1,0,1,1
10320,D2,0,1,0,1,1,0,1,1
10335,D2,0,1,0,0,1,0,1,1
10370,D2,0,0,0,0,1,0,1,1
10375,D3,0,1,0,0,1,0,1,1
10380,D3,0,1,0,1,1,0,1,1
10395,D3,0,1,0,0,1,0,1,1
10430,D3,0,0,0,0,1,0,1,1
10435,D4,0,1,0,0,1,0,1,1
10440,D4,0,1,0,1,1,0,1,1
10455,D4,0,1,0,0,1,0,1,1
10490,D4,0,0,0,0,1,0,1,1
10495,D5,0,1,0,0,1,0,1,1
10500,D5,0,1,0,1,1,0,1,1
10515,D5,0,1,0,0,1,0,1,1
10550,D5,0,0,0,0,1,0,1,1
10555,D5,0,0,0,0,1,1,1,1
10560,FF,0,0,0,0,1,1,1,1
10565,FF,0,0,0,0,1,0,1,1
10570,30,0,0,1,0,1,0,1,1
10575,30,0,0,1,1,1,0,1,1
10590,30,0,0,1,0,1,0,1,1
10620,30,0,0,0,0,1,0,1,1
10625,A0,0,1,0,0,1,0,1,1
10630,A0,0,1,0,1,1,0,1,1
10645,A0,0,1,0,0,1,0,1,1
10680,A0,0,0,0,0,1,0,1,1
10685,A1,0,1,0,0,1,0,1,1
10690,A1,0,1,0,1,1,0,1,1
10705,A1,0,1,0,0,1,0,1,1
10740,A1,0,0,0,0,1,0,1,1
10745,A2,0,1,0,0,1,0,1,1
10750,A2,0,1,0,1,1,0,1,1
10765,A2,0,1,0,0,1,0,1,1
10800,A2,0,0,0,0,1,0,1,1
10805,A3,0,1,0,0,1,0,1,1
10810,A3,0,1,0,1,1,0,1,1
10830,A3,0,1,0,0,1,0,1,1
10855,A3,0,0,0,0,1,0,1,1
10860,A4,0,1,0,0,1,0,1,1
10865,A4,0,1,0,1,1,0,1,1
10885,A4,0,1,0,0,1,0,1,1
10910,A4,0,0,0,0,1,0,1,1
10915,A5,0,1,0,0,1,0,1,1
10920,A5,0,1,0,1,1,0,1,1
10940,A5,0,1,0,0,1,0,1,1
10965,A5,0,0,0,0,1,0,1,1
10970,A5,0,0,0,0,1,1,1,1
10975,FF,0,0,0,0,1,1,1,1
10980,FF,0,0,0,0,1,0,1,1
10985,10,0,0,1,0,1,0,1,1
10990,10,0,0,1,1,1,0,1,1
11000,10,0,0,1,0,1,0,1,1
11015,10,0,0,0,0,1,0,1,1
11020,F0,0,1,0,0,1,0,1,1
11025,F0,0,1,0,1,1,0,1,1
11040,F0,0,1,0,0,1,0,1,1
11075,F0,0,0,0,0,1,0,1,1
11080,F1,0,1,0,0,1,0,1,1
11085,F1,0,1,0,1,1,0,1,1
11100,F1,0,1,0,0,1,0,1,1
11135,F1,0,0,0,0,1,0,1,1
11140,F2,0,1,0,0,1,0,1,1
11145,F2,0,1,0,1,1,0,1,1
11160,F2,0,1,0,0,1,0,1,1
11195,F2,0,0,0,0,1,0,1,1
11200,F3,0,1,0,0,1,0,1,1
11205,F3,0,1,0,1,1,0,1,1
11220,F3,0,1,0,0,1,0,1,1
11255,F3,0,0,0,0,1,0,1,1
11260,F4,0,1,0,0,1,0,1,1
11265,F4,0,1,0,1,1,0,1,1
11280,F4,0,1,0,0,1,0,1,1
11315,F4,0,0,0,0,1,0,1,1
11320,F5,0,1,0,0,1,0,1,1
11325,F5,0,1,0,1,1,0,1,1
11340,F5,0,1,0,0,1,0,1,1
11375,F5,0,0,0,0,1,0,1,1
11380,F5,0,0,0,0,1,1,1,1
11385,FF,0,0,0,0,1,1,1,1
11390,FF,0,0,0,0,1,0,1,1
11395,20,0,0,1,0,1,0,1,1
11400,20,0,0,1,1,1,0,1,1
11415,20,0,0,1,0,1,0,1,1
11445,20,0,0,0,0,1,0,1,1
11450,B0,0,1,0,0,1,0,1,1
11455,B0,0,1,0,1,1,0,1,1
11470,B0,0,1,0,0,1,0,1,1
11505,B0,0,0,0,0,1,0,1,1
11510,B1,0,1,0,0,1,0,1,1
11515,B1,0,1,0,1,1,0,1,1
11530,B1,0,1,0,0,1,0,1,1
11565,B1,0,0,0,0,1,0,1,1
11570,B2,0,1,0,0,1,0,1,1
11575,B2,0,1,0,1,1,0,1,1
11590,B2,0,1,0,0,1,0,1,1
11625,B2,0,0,0,0,1,0,1,1
11630,B3,0,1,0,0,1,0,1,1
11635,B3,0,1,0,1,1,0,1,1
11655,B3,0,1,0,0,1,0,1,1
11680,B3,0,0,0,0,1,0,1,1
11685,B4,0,1,0,0,1,0,1,1
11690,B4,0,1,0,1,1,0,1,1
11710,B4,0,1,0,0,1,0,1,1
11735,B4,0,0,0,0,1,0,1,1
11740,B5,0,1,0,0,1,0,1,1
11745,B5,0,1,0,1,1,0,1,1
11765,B5,0,1,0,0,1,0,1,1
11790,B5,0,0,0,0,1,0,1,1
11795,B5,0,0,0,0,1,1,1,1
11800,FF,0,0,0,0,1,1,1,1
11805,FF,0,0,0,0,1,1,1,1
11810,30,0,0,1,0,1,1,1,1
11815,30,0,0,1,1,1,1,1,1
11830,30,0,0,1,0,1,1,1,1
11860,30,0,0,0,0,1,1,1,1
11865,30,0,0,0,0,1,0,1,1
11870,A0,0,1,0,0,1,0,1,1
11875,A0,0,1,0,1,1,0,1,1
11890,A0,0,1,0,0,1,0,1,1
11925,A0,0,0,0,0,1,0,1,1
11930,A0,0,0,0,0,1,0,1,1
11935,A1,0,1,0,0,1,0,1,1
11940,A1,0,1,0,1,1,0,1,1
11955,A1,0,1,0,0,1,0,1,1
11990,A1,0,0,0,0,1,0,1,1
11995,A1,0,0,0,0,1,0,1,1
12000,A2,0,1,0,0,1,0,1,1
12005,A2,0,1,0,1,1,0,1,1
12020,A2,0,1,0,0,1,0,1,1
12055,A2,0,0,0,0,1,0,1,1
12060,A2,0,0,0,0,1,0,1,1
12065,A3,0,1,0,0,1,0,1,1
12070,A3,0,1,0,1,1,0,1,1
12085,A3,0,1,0,0,1,0,1,1
12120,A3,0,0,0,0,1,0,1,1
12125,A3,0,0,0,0,1,0,1,1
12130,A4,0,1,0,0,1,0,1,1
12135,A4,0,1,0,1,1,0,1,1
12150,A4,0,1,0,0,1,0,1,1
12185,A4,0,0,0,0,1,0,1,1
12190,A4,0,0,0,0,1,0,1,1
12195,A5,0,1,0,0,1,0,1,1
12200,A5,0,1,0,1,1,0,1,1
12215,A5,0,1,0,0,1,0,1,1
12250,A5,0,0,0,0,1,0,1,1
12255,A5,0,0,0,0,1,1,1,1
12260,FF,0,0,0,0,1,1,1,1
12265,FF,0,0,0,0,1,0,1,1
12270,30,0,0,1,0,1,0,1,1
12275,30,0,0,1,1,1,0,1,1
12290,30,0,0,1,0,1,0,1,1
12320,30,0,0,0,0,1,0,1,1
12325,A0,0,1,0,0,1,0,1,1
12330,A0,0,1,0,1,1,0,1,1
12345,A0,0,1,0,0,1,0,1,1
12380,A0,0,0,0,0,1,0,1,1
12385,A1,0,1,0,0,1,0,1,1
12390,A1,0,1,0,1,1,0,1,1
12405,A1,0,1,0,0,1,0,1,1
12440,A1,0,0,0,0,1,0,1,1
12445,A2,0,1,0,0,1,0,1,1
12450,A2,0,1,0,1,1,0,1,1
12465,A2,0,1,0,0,1,0,1,1
12500,A2,0,0,0,0,1,0,1,1
12505,A3,0,1,0,0,1,0,1,1
12510,A3,0,1,0,1,1,0,1,1
12530,A3,0,1,0,0,1,0,1,1
12555,A3,0,0,0,0,1,0,1,1
12560,A4,0,1,0,0,1,0,1,1
12565,A4,0,1,0,1,1,0,1,1
12585,A4,0,1,0,0,1,0,1,1
12610,A4,0,0,0,0,1,0,1,1
12615,A5,0,1,0,0,1,0,1,1
12620,A5,0,1,0,1,1,0,1,1
12640,A5,0,1,0,0,1,0,1,1
12665,A5,0,0,0,0,1,0,1,1
12670,A5,0,0,0,0,1,1,1,1
12675,FF,0,0,0,0,1,1,1,1
12680,FF,0,0,0,0,1,0,1,1
12685,20,0,0,1,0,1,0,1,1
12690,20,0,0,1,1,1,0,1,1
12705,20,0,0,1,0,1,0,1,1
12735,20,0,0,0,0,1,0,1,1
12740,B0,0,0,0,0,1,0,1,1
12745,B0,0,0,0,1,1,0,1,1
12755,B0,0,0,0,0,1,0,1,1
12785,B0,0,0,0,0,1,0,1,1
12790,B1,0,0,0,0,1,0,1,1
12795,B1,0,0,0,1,1,0,1,1
12805,B1,0,0,0,0,1,0,1,1
12835,B1,0,0,0,0,1,0,1,1
12840,B2,0,0,0,0,1,0,1,1
12845,B2,0,0,0,1,1,0,1,1
12855,B2,0,0,0,0,1,0,1,1
12885,B2,0,0,0,0,1,0,1,1
12890,B3,0,0,0,0,1,0,1,1
12895,B3,0,0,0,1,1,0,1,1
12905,B3,0,0,0,0,1,0,1,1
12935,B3,0,0,0,0,1,0,1,1
12940,B4,0,0,0,0,1,0,1,1
12945,B4,0,0,0,1,1,0,1,1
12955,B4,0,0,0,0,1,0,1,1
12985,B4,0,0,0,0,1,0,1,1
12990,B5,0,0,0,0,1,0,1,1
12995,B5,0,0,0,1,1,0,1,1
13005,B5,0,0,0,0,1,0,1,1
13035,B5,0,0,0,0,1,0,1,1
13040,B5,0,0,0,0,1,1,1,1
13045,FF,0,0,0,0,1,1,1,1
13050,FF,0,0,0,0,1,0,1,1
13055,30,0,0,1,0,1,0,1,1
13060,30,0,0,1,1,1,0,1,1
13075,30,0,0,1,0,1,0,1,1
13105,30,0,0,0,0,1,0,1,1
13110,A0,0,1,0,0,1,0,1,1
13115,A0,0,1,0,1,1,0,1,1
13130,A0,0,1,0,0,1,0,1,1
13165,A0,0,0,0,0,1,0,1,1
13170,A1,0,1,0,0,1,0,1,1
13175,A1,0,1,0,1,1,0,1,1
13190,A1,0,1,0,0,1,0,1,1
13225,A1,0,0,0,0,1,0,1,1
13230,A2,0,1,0,0,1,0,1,1
13235,A2,0,1,0,1,1,0,1,1
13250,A2,0,1,0,0,1,0,1,1
13285,A2,0,0,0,0,1,0,1,1
13290,A3,0,1,0,0,1,0,1,1
13295,A3,0,1,0,1,1,0,1,1
13310,A3,0,1,0,0,1,0,1,1
13345,A3,0,0,0,0,1,0,1,1
13350,A4,0,1,0,0,1,0,1,1
13355,A4,0,1,0,1,1,0,1,1
13370,A4,0,1,0,0,1,0,1,1
13405,A4,0,0,0,0,1,0,1,1
13410,A5,0,1,0,0,1,0,1,1
13415,A5,0,1,0,1,1,0,1,1
13430,A5,0,1,0,0,1,0,1,1
13465,A5,0,0,0,0,1,0,1,1
13470,A5,0,0,0,0,1,1,1,1
13475,FF,0,0,0,0,1,1,1,1
13480,FF,0,0,0,0,1,0,1,1
13485,10,0,0,1,0,1,0,1,1
13490,10,0,0,1,1,1,0,1,1
13505,10,0,0,1,0,1,0,1,1
13535,10,0,0,0,0,1,0,1,1
13540,C0,0,1,0,0,1,0,1,1
13545,C0,0,1,0,1,1,0,1,1
13560,C0,0,1,0,0,1,0,1,1
13595,C0,0,0,0,0,1,0,1,1
13600,C1,0,1,0,0,1,0,1,1
13605,C1,0,1,0,1,1,0,1,1
13620,C1,0,1,0,0,1,0,1,1
13655,C1,0,0,0,0,1,0,1,1
13660,C2,0,1,0,0,1,0,1,1
13665,C2,0,1,0,1,1,0,1,1
13680,C2,0,1,0,0,1,0,1,1
13715,C2,0,0,0,0,1,0,1,1
13720,C3,0,1,0,0,1,0,1,1
13725,C3,0,1,0,1,1,0,1,1
13745,C3,0,1,0,0,1,0,1,1
13770,C3,0,0,0,0,1,0,1,1
13775,C4,0,1,0,0,1,0,1,1
13780,C4,0,1,0,1,1,0,1,1
13800,C4,0,1,0,0,1,0,1,1
13825,C4,0,0,0,0,1,0,1,1
13830,C5,0,1,0,0,1,0,1,1
13835,C5,0,1,0,1,1,0,1,1
13855,C5,0,1,0,0,1,0,1,1
13880,C5,0,0,0,0,1,0,1,1
13885,C5,0,0,0,0,1,1,1,1
13890,FF,0,0,0,0,1,1,1,1
13895,FF,0,0,0,0,1,0,1,1
13900,10,0,0,1,0,1,0,1,1
13905,10,0,0,1,1,1,0,1,1
13920,10,0,0,1,0,1,0,1,1
13950,10,0,0,0,0,1,0,1,1
13955,C0,0,1,0,0,1,0,1,1
13960,C0,0,1,0,1,1,0,1,1
13975,C0,0,1,0,0,1,0,1,1
14010,C0,0,0,0,0,1,0,1,1
14015,C1,0,1,0,0,1,0,1,1
14020,C1,0,1,0,1,1,0,1,1
14035,C1,0,1,0,0,1,0,1,1
14070,C1,0,0,0,0,1,0,1,1
14075,C2,0,1,0,0,1,0,1,1
14080,C2,0,1,0,1,1,0,1,1
14095,C2,0,1,0,0,1,0,1,1
14130,C2,0,0,0,0,1,0,1,1
14135,C3,0,1,0,0,1,0,1,1
14140,C3,0,1,0,1,1,0,1,1
14160,C3,0,1,0,0,1,0,1,1
14185,C3,0,0,0,0,1,0,1,1
14190,C4,0,1,0,0,1,0,1,1
14195,C4,0,1,0,1,1,0,1,1
14215,C4,0,1,0,0,1,0,1,1
14240,C4,0,0,0,0,1,0,1,1
14245,C5,0,1,0,0,1,0,1,1
14250,C5,0,1,0,1,1,0,1,1
14270,C5,0,1,0,0,1,0,1,1
14295,C5,0,0,0,0,1,0,1,1
14300,C5,0,0,0,0,1,1,1,1
14305,FF,0,0,0,0,1,1,1,1
14310,FF,0,0,0,0,1,0,1,1
14315,20,0,0,1,0,1,0,1,1
14320,20,0,0,1,1,1,0,1,1
14335,20,0,0,1,0,1,0,1,1
14365,20,0,0,0,0,1,0,1,1
14370,B0,0,0,0,0,1,0,1,1
14375,B0,0,0,0,1,1,0,1,1
14385,B0,0,0,0,0,1,0,1,1
14415,B0,0,0,0,0,1,0,1,1
14420,B1,0,0,0,0,1,0,1,1
14425,B1,0,0,0,1,1,0,1,1
14435,B1,0,0,0,0,1,0,1,1
14465,B1,0,0,0,0,1,0,1,1
14470,B2,0,0,0,0,1,0,1,1
14475,B2,0,0,0,1,1,0,1,1
14485,B2,0,0,0,0,1,0,1,1
14515,B2,0,0,0,0,1,0,1,1
14520,B3,0,0,0,0,1,0,1,1
14525,B3,0,0,0,1,1,0,1,1
14535,B3,0,0,0,0,1,0,1,1
14565,B3,0,0,0,0,1,0,1,1
14570,B4,0,0,0,0,1,0,1,1
14575,B4,0,0,0,1,1,0,1,1
14585,B4,0,0,0,0,1,0,1,1
14615,B4,0,0,0,0,1,0,1,1
14620,B5,0,0,0,0,1,0,1,1
14625,B5,0,0,0,1,1,0,1,1
14635,B5,0,0,0,0,1,0,1,1
14665,B5,0,0,0,0,1,0,1,1
14670,B5,0,0,0,0,1,1,1,1
14675,FF,0,0,0,0,1,1,1,1
14680,FF,0,0,0,0,1,1,1,1
14685,30,0,0,1,0,1,1,1,1
14690,30,0,0,1,1,1,1,1,1
14705,30,0,0,1,0,1,1,1,1
14735,30,0,0,0,0,1,1,1,1
14740,30,0,0,0,0,1,0,1,1
14745,A0,0,1,0,0,1,0,1,1
14750,A0,0,1,0,1,1,0,1,1
14765,A0,0,1,0,0,1,0,1,1
14800,A0,0,0,0,0,1,0,1,1
14805,A0,0,0,0,0,1,0,1,1
14810,A1,0,1,0,0,1,0,1,1
14815,A1,0,1,0,1,1,0,1,1
14830,A1,0,1,0,0,1,0,1,1
14865,A1,0,0,0,0,1,0,1,1
14870,A1,0,0,0,0,1,0,1,1
14875,A2,0,1,0,0,1,0,1,1
14880,A2,0,1,0,1,1,0,1,1
14895,A2,0,1,0,0,1,0,1,1
14930,A2,0,0,0,0,1,0,1,1
14935,A2,0,0,0,0,1,0,1,1
14940,A3,0,1,0,0,1,0,1,1
14945,A3,0,1,0,1,1,0,1,1
14960,A3,0,1,0,0,1,0,1,1
14995,A3,0,0,0,0,1,0,1,1
15000,A3,0,0,0,0,1,0,1,1
15005,A4,0,1,0,0,1,0,1,1
15010,A4,0,1,0,1,1,0,1,1
15025,A4,0,1,0,0,1,0,1,1
15060,A4,0,0,0,0,1,0,1,1
15065,A4,0,0,0,0,1,0,1,1
15070,A5,0,1,0,0,1,0,1,1
15075,A5,0,1,0,1,1,0,1,1
15090,A5,0,1,0,0,1,0,1,1
15125,A5,0,0,0,0,1,0,1,1
15130,A5,0,0,0,0,1,1,1,1
15135,FF,0,0,0,0,1,1,1,1
15140,FF,0,0,0,0,1,0,1,1
15145,10,0,0,1,0,1,0,1,1
15150,10,0,0,1,1,1,0,1,1
15160,10,0,0,1,0,1,0,1,1
15175,10,0,0,0,0,1,0,1,1
15180,F0,0,1,0,0,1,0,1,1
15185,F0,0,1,0,1,1,0,1,1
15200,F0,0,1,0,0,1,0,1,1
15235,F0,0,0,0,0,1,0,1,1
15240,F1,0,1,0,0,1,0,1,1
15245,F1,0,1,0,1,1,0,1,1
15260,F1,0,1,0,0,1,0,1,1
15295,F1,0,0,0,0,1,0,1,1
15300,F2,0,1,0,0,1,0,1,1
15305,F2,0,1,0,1,1,0,1,1
15320,F2,0,1,0,0,1,0,1,1
15355,F2,0,0,0,0,1,0,1,1
15360,F3,0,1,0,0,1,0,1,1
15365,F3,0,1,0,1,1,0,1,1
15380,F3,0,1,0,0,1,0,1,1
15415,F3,0,0,0,0,1,0,1,1
15420,F4,0,1,0,0,1,0,1,1
15425,F4,0,1,0,1,1,0,1,1
15440,F4,0,1,0,0,1,0,1,1
15475,F4,0,0,0,0,1,0,1,1
15480,F5,0,1,0,0,1,0,1,1
15485,F5,0,1,0,1,1,0,1,1
15500,F5,0,1,0,0,1,0,1,1
15535,F5,0,0,0,0,1,0,1,1
15540,F5,0,0,0,0,1,1,1,1
15545,FF,0,0,0,0,1,1,1,1
15550,FF,0,0,0,0,1,0,1,1
15555,30,0,0,1,0,1,0,1,1
15560,30,0,0,1,1,1,0,1,1
15575,30,0,0,1,0,1,0,1,1
15605,30,0,0,0,0,1,0,1,1
15610,A0,0,1,0,0,1,0,1,1
15615,A0,0,1,0,1,1,0,1,1
15630,A0,0,1,0,0,1,0,1,1
15665,A0,0,0,0,0,1,0,1,1
15670,A1,0,1,0,0,1,0,1,1
15675,A1,0,1,0,1,1,0,1,1
15690,A1,0,1,0,0,1,0,1,1
15725,A1,0,0,0,0,1,0,1,1
15730,A2,0,1,0,0,1,0,1,1
15735,A2,0,1,0,1,1,0,1,1
15750,A2,0,1,0,0,1,0,1,1
15785,A2,0,0,0,0,1,0,1,1
15790,A3,0,1,0,0,1,0,1,1
15795,A3,0,1,0,1,1,0,1,1
15815,A3,0,1,0,0,1,0,1,1
15840,A3,0,0,0,0,1,0,1,1
15845,A4,0,1,0,0,1,0,1,1
15850,A4,0,1,0,1,1,0,1,1
15870,A4,0,1,0,0,1,0,1,1
15895,A4,0,0,0,0,1,0,1,1
15900,A5,0,1,0,0,1,0,1,1
15905,A5,0,1,0,1,1,0,1,1
15925,A5,0,1,0,0,1,0,1,1
15950,A5,0,0,0,0,1,0,1,1
15955,A5,0,0,0,0,1,1,1,1
15960,FF,0,0,0,0,1,1,1,1
15965,FF,0,0,0,0,1,0,1,1
15970,10,0,0,1,0,1,0,1,1
15975,10,0,0,1,1,1,0,1,1
15990,10,0,0,1,0,1,0,1,1
16020,10,0,0,0,0,1,0,1,1
16025,C0,0,1,0,0,1,0,1,1
16030,C0,0,1,0,1,1,0,1,1
16045,C0,0,1,0,0,1,0,1,1
16080,C0,0,0,0,0,1,0,1,1
16085,C1,0,1,0,0,1,0,1,1
16090,C1,0,1,0,1,1,0,1,1
16105,C1,0,1,0,0,1,0,1,1
16140,C1,0,0,0,0,1,0,1,1
16145,C2,0,1,0,0,1,0,1,1
16150,C2,0,1,0,1,1,0,1,1
16165,C2,0,1,0,0,1,0,1,1
16200,C2,0,0,0,0,1,0,1,1
16205,C3,0,1,0,0,1,0,1,1
16210,C3,0,1,0,1,1,0,1,1
16225,C3,0,1,0,0,1,0,1,1
16260,C3,0,0,0,0,1,0,1,1
16265,C4,0,1,0,0,1,0,1,1
16270,C4,0,1,0,1,1,0,1,1
16285,C4,0,1,0,0,1,0,1,1
16320,C4,0,0,0,0,1,0,1,1
16325,C5,0,1,0,0,1,0,1,1
16330,C5,0,1,0,1,1,0,1,1
16345,C5,0,1,0,0,1,0,1,1
16380,C5,0,0,0,0,1,0,1,1
16385,C5,0,0,0,0,1,1,1,1
16390,FF,0,0,0,0,1,1,1,1
16395,FF,0,0,0,0,1,0,1,1
16400,30,0,0,1,0,1,0,1,1
16405,30,0,0,1,1,1,0,1,1
16420,30,0,0,1,0,1,0,1,1
16450,30,0,0,0,0,1,0,1,1
16455,A0,0,1,0,0,1,0,1,1
16460,A0,0,1,0,1,1,0,1,1
16475,A0,0,1,0,0,1,0,1,1
16510,A0,0,0,0,0,1,0,1,1
16515,A1,0,1,0,0,1,0,1,1
16520,A1,0,1,0,1,1,0,1,1
16535,A1,0,1,0,0,1,0,1,1
16570,A1,0,0,0,0,1,0,1,1
16575,A2,0,1,0,0,1,0,1,1
16580,A2,0,1,0,1,1,0,1,1
16595,A2,0,1,0,0,1,0,1,1
16630,A2,0,0,0,0,1,0,1,1
16635,A3,0,1,0,0,1,0,1,1
16640,A3,0,1,0,1,1,0,1,1
16660,A3,0,1,0,0,1,0,1,1
16685,A3,0,0,0,0,1,0,1,1
16690,A4,0,1,0,0,1,0,1,1
16695,A4,0,1,0,1,1,0,1,1
16715,A4,0,1,0,0,1,0,1,1
16740,A4,0,0,0,0,1,0,1,1
16745,A5,0,1,0,0,1,0,1,1
16750,A5,0,1,0,1,1,0,1,1
16770,A5,0,1,0,0,1,0,1,1
16795,A5,0,0,0,0,1,0,1,1
16800,A5,0,0,0,0,1,1,1,1
16805,FF,0,0,0,0,1,1,1,1
16810,FF,0,0,0,0,1,1,1,1
16815,30,0,0,1,0,1,1,1,1
16820,30,0,0,1,1,1,1,1,1
16835,30,0,0,1,0,1,1,1,1
16865,30,0,0,0,0,1,1,1,1
16870,30,0,0,0,0,1,0,1,1
16875,A0,0,1,0,0,1,0,1,1
16880,A0,0,1,0,1,1,0,1,1
16895,A0,0,1,0,0,1,0,1,1
16930,A0,0,0,0,0,1,0,1,1
16935,A0,0,0,0,0,1,0,1,1
16940,A1,0,1,0,0,1,0,1,1
16945,A1,0,1,0,1,1,0,1,1
16960,A1,0,1,0,0,1,0,1,1
16995,A1,0,0,0,0,1,0,1,1
17000,A1,0,0,0,0,1,0,1,1
17005,A2,0,1,0,0,1,0,1,1
17010,A2,0,1,0,1,1,0,1,1
17025,A2,0,1,0,0,1,0,1,1
17060,A2,0,0,0,0,1,0,1,1
17065,A2,0,0,0,0,1,0,1,1
17070,A3,0,1,0,0,1,0,1,1
17075,A3,0,1,0,1,1,0,1,1
17090,A3,0,1,0,0,1,0,1,1
17125,A3,0,0,0,0,1,0,1,1
17130,A3,0,0,0,0,1,0,1,1
17135,A4,0,1,0,0,1,0,1,1
17140,A4,0,1,0,1,1,0,1,1
17155,A4,0,1,0,0,1,0,1,1
17190,A4,0,0,0,0,1,0,1,1
17195,A4,0,0,0,0,1,0,1,1
17200,A5,0,1,0,0,1,0,1,1
17205,A5,0,1,0,1,1,0,1,1
17220,A5,0,1,0,0,1,0,1,1
17255,A5,0,0,0,0,1,0,1,1
17260,A5,0,0,0,0,1,1,1,1
17265,FF,0,0,0,0,1,1,1,1
17270,FF,0,0,0,0,1,0,1,1
17275,10,0,1,1,0,1,0,1,1
17280,10,0,1,1,1,1,0,1,1
17295,10,0,1,1,0,1,0,1,1
17325,10,0,0,0,0,1,0,1,1
17330,10,0,0,0,0,1,1,1,1
17335,FF,0,0,0,0,1,1,1,1
17340,FF,0,0,0,0,1,0,1,1
17345,10,0,1,1,0,1,0,1,1
17350,10,0,1,1,1,1,0,1,1
17365,10,0,1,1,0,1,0,1,1
17395,10,0,0,0,0,1,0,1,1
17400,10,0,0,0,0,1,1,1,1
17405,FF,0,0,0,0,1,1,1,1
17410,FF,0,0,0,0,1,0,1,1
17415,7E,0,0,1,0,1,0,1,1
17420,7E,0,0,1,1,1,0,1,1
17435,7E,0,0,1,0,1,0,1,1
17465,7E,0,0,0,0,1,0,1,1
17470,B0,0,1,0,0,1,0,1,1
17475,B0,0,1,0,1,1,0,1,1
17490,B0,0,1,0,0,1,0,1,1
17525,B0,0,0,0,0,1,0,1,1
17530,B1,0,1,0,0,1,0,1,1
17535,B1,0,1,0,1,1,0,1,1
17550,B1,0,1,0,0,1,0,1,1
17585,B1,0,0,0,0,1,0,1,1
17590,B2,0,1,0,0,1,0,1,1
17595,B2,0,1,0,1,1,0,1,1
17610,B2,0,1,0,0,1,0,1,1
17645,B2,0,0,0,0,1,0,1,1
17650,B3,0,1,0,0,1,0,1,1
17655,B3,0,1,0,1,1,0,1,1
17670,B3,0,1,0,0,1,0,1,1
17705,B3,0,0,0,0,1,0,1,1
17710,B4,0,1,0,0,1,0,1,1
17715,B4,0,1,0,1,1,0,1,1
17730,B4,0,1,0,0,1,0,1,1
17765,B4,0,0,0,0,1,0,1,1
17770,B5,0,1,0,0,1,0,1,1
17775,B5,0,1,0,1,1,0,1,1
17790,B5,0,1,0,0,1,0,1,1
17825,B5,0,0,0,0,1,0,1,1
17830,B5,0,0,0,0,1,1,1,1
17835,FF,0,0,0,0,1,1,1,1
17840,FF,0,0,0,0,1,0,1,1
17845,30,0,0,1,0,1,0,1,1
17850,30,0,0,1,1,1,0,1,1
17865,30,0,0,1,0,1,0,1,1
17895,30,0,0,0,0,1,0,1,1
17900,A0,0,1,0,0,1,0,1,1
17905,A0,0,1,0,1,1,0,1,1
17920,A0,0,1,0,0,1,0,1,1
17955,A0,0,0,0,0,1,0,1,1
17960,A1,0,1,0,0,1,0,1,1
17965,A1,0,1,0,1,1,0,1,1
17980,A1,0,1,0,0,1,0,1,1
18015,A1,0,0,0,0,1,0,1,1
18020,A2,0,1,0,0,1,0,1,1
18025,A2,0,1,0,1,1,0,1,1
18040,A2,0,1,0,0,1,0,1,1
18075,A2,0,0,0,0,1,0,1,1
18080,A3,0,1,0,0,1,0,1,1
18085,A3,0,1,0,1,1,0,1,1
18100,A3,0,1,0,0,1,0,1,1
18135,A3,0,0,0,0,1,0,1,1
18140,A4,0,1,0,0,1,0,1,1
18145,A4,0,1,0,1,1,0,1,1
18160,A4,0,1,0,0,1,0,1,1
18195,A4,0,0,0,0,1,0,1,1
18200,A5,0,1,0,0,1,0,1,1
18205,A5,0,1,0,1,1,0,1,1
18220,A5,0,1,0,0,1,0,1,1
18255,A5,0,0,0,0,1,0,1,1
18260,A5,0,0,0,0,1,1,1,1
18265,FF,0,0,0,0,1,1,1,1
18270,FF,0,0,0,0,1,0,1,1
18275,10,0,0,1,0,1,0,1,1
18280,10,0,0,1,1,1,0,1,1
18295,10,0,0,1,0,1,0,1,1
18325,10,0,0,0,0,1,0,1,1
18330,C0,0,1,0,0,1,0,1,1
18335,C0,0,1,0,1,1,0,1,1
18350,C0,0,1,0,0,1,0,1,1
18385,C0,0,0,0,0,1,0,1,1
18390,C1,0,1,0,0,1,0,1,1
18395,C1,0,1,0,1,1,0,1,1
18410,C1,0,1,0,0,1,0,1,1
18445,C1,0,0,0,0,1,0,1,1
18450,C2,0,1,0,0,1,0,1,1
18455,C2,0,1,0,1,1,0,1,1
18470,C2,0,1,0,0,1,0,1,1
18505,C2,0,0,0,0,1,0,1,1
18510,C3,0,1,0,0,1,0,1,1
18515,C3,0,1,0,1,1,0,1,1
18530,C3,0,1,0,0,1,0,1,1
18565,C3,0,0,0,0,1,0,1,1
18570,C4,0,1,0,0,1,0,1,1
18575,C4,0,1,0,1,1,0,1,1
18590,C4,0,1,0,0,1,0,1,1
18625,C4,0,0,0,0,1,0,1,1
18630,C5,0,1,0,0,1,0,1,1
18635,C5,0,1,0,1,1,0,1,1
18650,C5,0,1,0,0,1,0,1,1
18685,C5,0,0,0,0,1,0,1,1
18690,C5,0,0,0,0,1,1,1,1
18695,FF,0,0,0,0,1,1,1,1
18700,FF,0,0,0,0,1,0,1,1
18705,5A,0,0,1,0,1,0,1,1
18710,5A,0,0,1,1,1,0,1,1
18725,5A,0,0,1,0,1,0,1,1
18755,5A,0,0,0,0,1,0,1,1
18760,A0,0,1,0,0,1,0,1,1
18765,A0,0,1,0,1,1,0,1,1
18780,A0,0,1,0,0,1,0,1,1
18815,A0,0,0,0,0,1,0,1,1
18820,A1,0,1,0,0,1,0,1,1
18825,A1,0,1,0,1,1,0,1,1
18840,A1,0,1,0,0,1,0,1,1
18875,A1,0,0,0,0,1,0,1,1
18880,A2,0,1,0,0,1,0,1,1
18885,A2,0,1,0,1,1,0,1,1
18900,A2,0,1,0,0,1,0,1,1
18935,A2,0,0,0,0,1,0,1,1
18940,A3,0,1,0,0,1,0,1,1
18945,A3,0,1,0,1,1,0,1,1
18960,A3,0,1,0,0,1,0,1,1
18995,A3,0,0,0,0,1,0,1,1
19000,A4,0,1,0,0,1,0,1,1
19005,A4,0,1,0,1,1,0,1,1
19020,A4,0,1,0,0,1,0,1,1
19055,A4,0,0,0,0,1,0,1,1
19060,A5,0,1,0,0,1,0,1,1
19065,A5,0,1,0,1,1,0,1,1
19080,A5,0,1,0,0,1,0,1,1
19115,A5,0,0,0,0,1,0,1,1
19120,A5,0,0,0,0,1,1,1,1
19125,FF,0,0,0,0,1,1,1,1
19130,FF,0,0,0,0,1,0,1,1
19135,20,0,0,1,0,1,0,1,1
19140,20,0,0,1,1,1,0,1,1
19155,20,0,0,1,0,1,0,1,1
19185,20,0,0,0,0,1,0,1,1
19190,B0,0,0,0,0,1,0,1,1
19195,B0,0,0,0,1,1,0,1,1
19205,B0,0,0,0,0,1,0,1,1
19235,B0,0,0,0,0,1,0,1,1
19240,B1,0,0,0,0,1,0,1,1
19245,B1,0,0,0,1,1,0,1,1
19255,B1,0,0,0,0,1,0,1,1
19285,B1,0,0,0,0,1,0,1,1
19290,B2,0,0,0,0,1,0,1,1
19295,B2,0,0,0,1,1,0,1,1
19305,B2,0,0,0,0,1,0,1,1
19335,B2,0,0,0,0,1,0,1,1
19340,B3,0,0,0,0,1,0,1,1
19345,B3,0,0,0,1,1,0,1,1
19355,B3,0,0,0,0,1,0,1,1
19385,B3,0,0,0,0,1,0,1,1
19390,B4,0,0,0,0,1,0,1,1
19395,B4,0,0,0,1,1,0,1,1
19405,B4,0,0,0,0,1,0,1,1
19435,B4,0,0,0,0,1,0,1,1
19440,B5,0,0,0,0,1,0,1,1
19445,B5,0,0,0,1,1,0,1,1
19455,B5,0,0,0,0,1,0,1,1
19485,B5,0,0,0,0,1,0,1,1
19490,B5,0,0,0,0,1,1,1,1
19495,FF,0,0,0,0,1,1,1,1
19500,FF,0,0,0,0,1,0,1,1
19505,5A,0,0,1,0,1,0,1,1
19510,5A,0,0,1,1,1,0,1,1
19525,5A,0,0,1,0,1,0,1,1
19555,5A,0,0,0,0,1,0,1,1
19560,A0,0,1,0,0,1,0,1,1
19565,A0,0,1,0,1,1,0,1,1
19580,A0,0,1,0,0,1,0,1,1
19615,A0,0,0,0,0,1,0,1,1
19620,A1,0,1,0,0,1,0,1,1
19625,A1,0,1,0,1,1,0,1,1
19640,A1,0,1,0,0,1,0,1,1
19675,A1,0,0,0,0,1,0,1,1
19680,A2,0,1,0,0,1,0,1,1
19685,A2,0,1,0,1,1,0,1,1
19700,A2,0,1,0,0,1,0,1,1
19735,A2,0,0,0,0,1,0,1,1
19740,A3,0,1,0,0,1,0,1,1
19745,A3,0,1,0,1,1,0,1,1
19760,A3,0,1,0,0,1,0,1,1
19795,A3,0,0,0,0,1,0,1,1
19800,A4,0,1,0,0,1,0,1,1
19805,A4,0,1,0,1,1,0,1,1
19820,A4,0,1,0,0,1,0,1,1
19855,A4,0,0,0,0,1,0,1,1
19860,A5,0,1,0,0,1,0,1,1
19865,A5,0,1,0,1,1,0,1,1
19880,A5,0,1,0,0,1,0,1,1
19915,A5,0,0,0,0,1,0,1,1
19920,A5,0,0,0,0,1,1,1,1
19925,FF,0,0,0,0,1,1,1,1
19930,FF,0,0,0,0,1,0,1,1
19935,10,0,0,1,0,1,0,1,1
19940,10,0,0,1,1,1,0,1,1
19955,10,0,0,1,0,1,0,1,1
19985,10,0,0,0,0,1,0,1,1
19990,C0,0,1,0,0,1,0,1,1
19995,C0,0,1,0,1,1,0,1,1
20010,C0,0,1,0,0,1,0,1,1
20045,C0,0,0,0,0,1,0,1,1
20050,C1,0,1,0,0,1,0,1,1
20055,C1,0,1,0,1,1,0,1,1
20070,C1,0,1,0,0,1,0,1,1
20105,C1,0,0,0,0,1,0,1,1
20110,C2,0,1,0,0,1,0,1,1
20115,C2,0,1,0,1,1,0,1,1
20130,C2,0,1,0,0,1,0,1,1
20165,C2,0,0,0,0,1,0,1,1
20170,C3,0,1,0,0,1,0,1,1
20175,C3,0,1,0,1,1,0,1,1
20195,C3,0,1,0,0,1,0,1,1
20220,C3,0,0,0,0,1,0,1,1
20225,C4,0,1,0,0,1,0,1,1
20230,C4,0,1,0,1,1,0,1,1
20250,C4,0,1,0,0,1,0,1,1
20275,C4,0,0,0,0,1,0,1,1
20280,C5,0,1,0,0,1,0,1,1
20285,C5,0,1,0,1,1,0,1,1
20305,C5,0,1,0,0,1,0,1,1
20330,C5,0,0,0,0,1,0,1,1
20335,C5,0,0,0,0,1,1,1,1
20340,FF,0,0,0,0,1,1,1,1
20345,FF,0,0,0,0,1,1,1,1
20350,30,0,0,1,0,1,1,1,1
20355,30,0,0,1,1,1,1,1,1
20370,30,0,0,1,0,1,1,1,1
20400,30,0,0,0,0,1,1,1,1
20405,30,0,0,0,0,1,0,1,1
20410,A0,0,1,0,0,1,0,1,1
20415,A0,0,1,0,1,1,0,1,1
20430,A0,0,1,0,0,1,0,1,1
20465,A0,0,0,0,0,1,0,1,1
20470,A0,0,0,0,0,1,0,1,1
20475,A1,0,1,0,0,1,0,1,1
20480,A1,0,1,0,1,1,0,1,1
20495,A1,0,1,0,0,1,0,1,1
20530,A1,0,0,0,0,1,0,1,1
20535,A1,0,0,0,0,1,0,1,1
20540,A2,0,1,0,0,1,0,1,1
20545,A2,0,1,0,1,1,0,1,1
20560,A2,0,1,0,0,1,0,1,1
20595,A2,0,0,0,0,1,0,1,1
20600,A2,0,0,0,0,1,0,1,1
20605,A3,0,1,0,0,1,0,1,1
20610,A3,0,1,0,1,1,0,1,1
20625,A3,0,1,0,0,1,0,1,1
20660,A3,0,0,0,0,1,0,1,1
20665,A3,0,0,0,0,1,0,1,1
20670,A4,0,1,0,0,1,0,1,1
20675,A4,0,1,0,1,1,0,1,1
20690,A4,0,1,0,0,1,0,1,1
20725,A4,0,0,0,0,1,0,1,1
20730,A4,0,0,0,0,1,0,1,1
20735,A5,0,1,0,0,1,0,1,1
20740,A5,0,1,0,1,1,0,1,1
20755,A5,0,1,0,0,1,0,1,1
20790,A5,0,0,0,0,1,0,1,1
20795,A5,0,0,0,0,1,1,1,1
20800,FF,0,0,0,0,1,1,1,1
20805,FF,0,0,0,0,1,0,1,1
20810,5A,0,0,1,0,1,0,1,1
20815,5A,0,0,1,1,1,0,1,1
20830,5A,0,0,1,0,1,0,1,1
20860,5A,0,0,0,0,1,0,1,1
20865,A0,0,1,0,0,1,0,1,1
20870,A0,0,1,0,1,1,0,1,1
20885,A0,0,1,0,0,1,0,1,1
20920,A0,0,0,0,0,1,0,1,1
20925,A1,0,1,0,0,1,0,1,1
20930,A1,0,1,0,1,1,0,1,1
20945,A1,0,1,0,0,1,0,1,1
20980,A1,0,0,0,0,1,0,1,1
20985,A2,0,1,0,0,1,0,1,1
20990,A2,0,1,0,1,1,0,1,1
21005,A2,0,1,0,0,1,0,1,1
21040,A2,0,0,0,0,1,0,1,1
21045,A3,0,1,0,0,1,0,1,1
21050,A3,0,1,0,1,1,0,1,1
21065,A3,0,1,0,0,1,0,1,1
21100,A3,0,0,0,0,1,0,1,1
21105,A4,0,1,0,0,1,0,1,1
21110,A4,0,1,0,1,1,0,1,1
21125,A4,0,1,0,0,1,0,1,1
21160,A4,0,0,0,0,1,0,1,1
21165,A5,0,1,0,0,1,0,1,1
21170,A5,0,1,0,1,1,0,1,1
21185,A5,0,1,0,0,1,0,1,1
21220,A5,0,0,0,0,1,0,1,1
21225,A5,0,0,0,0,1,1,1,1
21230,FF,0,0,0,0,1,1,1,1
21235,FF,0,0,0,0,1,0,1,1
21240,7E,0,0,1,0,1,0,1,1
21245,7E,0,0,1,1,1,0,1,1
21260,7E,0,0,1,0,1,0,1,1
21290,7E,0,0,0,0,1,0,1,1
21295,B0,0,1,0,0,1,0,1,1
21300,B0,0,1,0,1,1,0,1,1
21315,B0,0,1,0,0,1,0,1,1
21350,B0,0,0,0,0,1,0,1,1
21355,B1,0,1,0,0,1,0,1,1
21360,B1,0,1,0,1,1,0,1,1
21375,B1,0,1,0,0,1,0,1,1
21410,B1,0,0,0,0,1,0,1,1
21415,B2,0,1,0,0,1,0,1,1
21420,B2,0,1,0,1,1,0,1,1
21435,B2,0,1,0,0,1,0,1,1
21470,B2,0,0,0,0,1,0,1,1
21475,B3,0,1,0,0,1,0,1,1
21480,B3,0,1,0,1,1,0,1,1
21495,B3,0,1,0,0,1,0,1,1
21530,B3,0,0,0,0,1,0,1,1
21535,B4,0,1,0,0,1,0,1,1
21540,B4,0,1,0,1,1,0,1,1
21555,B4,0,1,0,0,1,0,1,1
21590,B4,0,0,0,0,1,0,1,1
21595,B5,0,1,0,0,1,0,1,1
21600,B5,0,1,0,1,1,0,1,1
21615,B5,0,1,0,0,1,0,1,1
21650,B5,0,0,0,0,1,0,1,1
21655,B5,0,0,0,0,1,1,1,1
21660,FF,0,0,0,0,1,1,1,1
21665,FF,0,0,0,0,1,0,1,1
21670,20,0,0,1,0,1,0,1,1
21675,20,0,0,1,1,1,0,1,1
21690,20,0,0,1,0,1,0,1,1
21720,20,0,0,0,0,1,0,1,1
21725,B0,0,1,0,0,1,0,1,1
21730,B0,0,1,0,1,1,0,1,1
21745,B0,0,1,0,0,1,0,1,1
21780,B0,0,0,0,0,1,0,1,1
21785,B1,0,1,0,0,1,0,1,1
21790,B1,0,1,0,1,1,0,1,1
21805,B1,0,1,0,0,1,0,1,1
21840,B1,0,0,0,0,1,0,1,1
21845,B2,0,1,0,0,1,0,1,1
21850,B2,0,1,0,1,1,0,1,1
21865,B2,0,1,0,0,1,0,1,1
21900,B2,0,0,0,0,1,0,1,1
21905,B3,0,1,0,0,1,0,1,1
21910,B3,0,1,0,1,1,0,1,1
21925,B3,0,1,0,0,1,0,1,1
21960,B3,0,0,0,0,1,0,1,1
21965,B4,0,1,0,0,1,0,1,1
21970,B4,0,1,0,1,1,0,1,1
21985,B4,0,1,0,0,1,0,1,1
22020,B4,0,0,0,0,1,0,1,1
22025,B5,0,1,0,0,1,0,1,1
22030,B5,0,1,0,1,1,0,1,1
22045,B5,0,1,0,0,1,0,1,1
22080,B5,0,0,0,0,1,0,1,1
22085,B5,0,0,0,0,1,1,1,1
22090,FF,0,0,0,0,1,1,1,1
22095,FF,0,0,0,0,1,0,1,1
22100,20,0,0,1,0,1,0,1,1
22105,20,0,0,1,1,1,0,1,1
22115,20,0,0,1,0,1,0,1,1
22130,20,0,0,0,0,1,0,1,1
22135,E0,0,1,0,0,1,0,1,1
22140,E0,0,1,0,1,1,0,1,1
22155,E0,0,1,0,0,1,0,1,1
22190,E0,0,0,0,0,1,0,1,1
22195,E1,0,1,0,0,1,0,1,1
22200,E1,0,1,0,1,1,0,1,1
22215,E1,0,1,0,0,1,0,1,1
22250,E1,0,0,0,0,1,0,1,1
22255,E2,0,1,0,0,1,0,1,1
22260,E2,0,1,0,1,1,0,1,1
22275,E2,0,1,0,0,1,0,1,1
22310,E2,0,0,0,0,1,0,1,1
22315,E3,0,1,0,0,1,0,1,1
22320,E3,0,1,0,1,1,0,1,1
22335,E3,0,1,0,0,1,0,1,1
22370,E3,0,0,0,0,1,0,1,1
22375,E4,0,1,0,0,1,0,1,1
22380,E4,0,1,0,1,1,0,1,1
22395,E4,0,1,0,0,1,0,1,1
22430,E4,0,0,0,0,1,0,1,1
22435,E5,0,1,0,0,1,0,1,1
22440,E5,0,1,0,1,1,0,1,1
22455,E5,0,1,0,0,1,0,1,1
22490,E5,0,0,0,0,1,0,1,1
22495,E5,0,0,0,0,1,1,1,1
22500,FF,0,0,0,0,1,1,1,1
22505,FF,0,0,0,0,1,0,1,1
22510,20,0,0,1,0,1,0,1,1
22515,20,0,0,1,1,1,0,1,1
22525,20,0,0,1,0,1,0,1,1
22540,20,0,0,0,0,1,0,1,1
22545,E0,0,1,0,0,1,0,1,1
22550,E0,0,1,0,1,1,0,1,1
22565,E0,0,1,0,0,1,0,1,1
22600,E0,0,0,0,0,1,0,1,1
22605,E1,0,1,0,0,1,0,1,1
22610,E1,0,1,0,1,1,0,1,1
22625,E1,0,1,0,0,1,0,1,1
22660,E1,0,0,0,0,1,0,1,1
22665,E2,0,1,0,0,1,0,1,1
22670,E2,0,1,0,1,1,0,1,1
22685,E2,0,1,0,0,1,0,1,1
22720,E2,0,0,0,0,1,0,1,1
22725,E3,0,1,0,0,1,0,1,1
22730,E3,0,1,0,1,1,0,1,1
22745,E3,0,1,0,0,1,0,1,1
22780,E3,0,0,0,0,1,0,1,1
22785,E4,0,1,0,0,1,0,1,1
22790,E4,0,1,0,1,1,0,1,1
22805,E4,0,1,0,0,1,0,1,1
22840,E4,0,0,0,0,1,0,1,1
22845,E5,0,1,0,0,1,0,1,1
22850,E5,0,1,0,1,1,0,1,1
22865,E5,0,1,0,0,1,0,1,1
22900,E5,0,0,0,0,1,0,1,1
22905,E5,0,0,0,0,1,1,1,1
22910,FF,0,0,0,0,1,1,1,1
22915,FF,0,0,0,0,1,0,1,1
22920,20,0,0,1,0,1,0,1,1
22925,20,0,0,1,1,1,0,1,1
22940,20,0,0,1,0,1,0,1,1
22970,20,0,0,0,0,1,0,1,1
22975,B0,0,1,0,0,1,0,1,1
22980,B0,0,1,0,1,1,0,1,1
22995,B0,0,1,0,0,1,0,1,1
23030,B0,0,0,0,0,1,0,1,1
23035,B1,0,1,0,0,1,0,1,1
23040,B1,0,1,0,1,1,0,1,1
23055,B1,0,1,0,0,1,0,1,1
23090,B1,0,0,0,0,1,0,1,1
23095,B2,0,1,0,0,1,0,1,1
23100,B2,0,1,0,1,1,0,1,1
23115,B2,0,1,0,0,1,0,1,1
23150,B2,0,0,0,0,1,0,1,1
23155,B3,0,1,0,0,1,0,1,1
23160,B3,0,1,0,1,1,0,1,1
23180,B3,0,1,0,0,1,0,1,1
23205,B3,0,0,0,0,1,0,1,1
23210,B4,0,1,0,0,1,0,1,1
23215,B4,0,1,0,1,1,0,1,1
23235,B4,0,1,0,0,1,0,1,1
23260,B4,0,0,0,0,1,0,1,1
23265,B5,0,1,0,0,1,0,1,1
23270,B5,0,1,0,1,1,0,1,1
23290,B5,0,1,0,0,1,0,1,1
23315,B5,0,0,0,0,1,0,1,1
23320,B5,0,0,0,0,1,1,1,1
23325,FF,0,0,0,0,1,1,1,1
23330,FF,0,0,0,0,1,0,1,1
23335,20,0,0,1,0,1,0,1,1
23340,20,0,0,1,1,1,0,1,1
23355,20,0,0,1,0,1,0,1,1
23385,20,0,0,0,0,1,0,1,1
23390,B0,0,0,0,0,1,0,1,1
23395,B0,0,0,0,1,1,0,1,1
23405,B0,0,0,0,0,1,0,1,1
23435,B0,0,0,0,0,1,0,1,1
23440,B1,0,0,0,0,1,0,1,1
23445,B1,0,0,0,1,1,0,1,1
23455,B1,0,0,0,0,1,0,1,1
23485,B1,0,0,0,0,1,0,1,1
23490,B2,0,0,0,0,1,0,1,1
23495,B2,0,0,0,1,1,0,1,1
23505,B2,0,0,0,0,1,0,1,1
23535,B2,0,0,0,0,1,0,1,1
23540,B3,0,0,0,0,1,0,1,1
23545,B3,0,0,0,1,1,0,1,1
23555,B3,0,0,0,0,1,0,1,1
23585,B3,0,0,0,0,1,0,1,1
23590,B4,0,0,0,0,1,0,1,1
23595,B4,0,0,0,1,1,0,1,1
23605,B4,0,0,0,0,1,0,1,1
23635,B4,0,0,0,0,1,0,1,1
23640,B5,0,0,0,0,1,0,1,1
23645,B5,0,0,0,1,1,0,1,1
23655,B5,0,0,0,0,1,0,1,1
23685,B5,0,0,0,0,1,0,1,1
23690,B5,0,0,0,0,1,1,1,1
23695,FF,0,0,0,0,1,1,1,1
23700,FF,0,0,0,0,1,0,1,1
23705,20,0,0,1,0,1,0,1,1
23710,20,0,0,1,1,1,0,1,1
23725,20,0,0,1,0,1,0,1,1
23755,20,0,0,0,0,1,0,1,1
23760,B0,0,1,0,0,1,0,1,1
23765,B0,0,1,0,1,1,0,1,1
23780,B0,0,1,0,0,1,0,1,1
23815,B0,0,0,0,0,1,0,1,1
23820,B1,0,1,0,0,1,0,1,1
23825,B1,0,1,0,1,1,0,1,1
23840,B1,0,1,0,0,1,0,1,1
23875,B1,0,0,0,0,1,0,1,1
23880,B2,0,1,0,0,1,0,1,1
23885,B2,0,1,0,1,1,0,1,1
23900,B2,0,1,0,0,1,0,1,1
23935,B2,0,0,0,0,1,0,1,1
23940,B3,0,1,0,0,1,0,1,1
23945,B3,0,1,0,1,1,0,1,1
23965,B3,0,1,0,0,1,0,1,1
23990,B3,0,0,0,0,1,0,1,1
23995,B4,0,1,0,0,1,0,1,1
24000,B4,0,1,0,1,1,0,1,1
24020,B4,0,1,0,0,1,0,1,1
24045,B4,0,0,0,0,1,0,1,1
24050,B5,0,1,0,0,1,0,1,1
24055,B5,0,1,0,1,1,0,1,1
24075,B5,0,1,0,0,1,0,1,1
24100,B5,0,0,0,0,1,0,1,1
24105,B5,0,0,0,0,1,1,1,1
24110,FF,0,0,0,0,1,1,1,1
24115,FF,0,0,0,0,1,0,1,1
24120,30,0,0,1,0,1,0,1,1
24125,30,0,0,1,1,1,0,1,1
24140,30,0,0,1,0,1,0,1,1
24170,30,0,0,0,0,1,0,1,1
24175,A0,0,1,0,0,1,0,1,1
24180,A0,0,1,0,1,1,0,1,1
24195,A0,0,1,0,0,1,0,1,1
24230,A0,0,0,0,0,1,0,1,1
24235,A1,0,1,0,0,1,0,1,1
24240,A1,0,1,0,1,1,0,1,1
24255,A1,0,1,0,0,1,0,1,1
24290,A1,0,0,0,0,1,0,1,1
24295,A2,0,1,0,0,1,0,1,1
24300,A2,0,1,0,1,1,0,1,1
24315,A2,0,1,0,0,1,0,1,1
24350,A2,0,0,0,0,1,0,1,1
24355,A3,0,1,0,0,1,0,1,1
24360,A3,0,1,0,1,1,0,1,1
24380,A3,0,1,0,0,1,0,1,1
24405,A3,0,0,0,0,1,0,1,1
24410,A4,0,1,0,0,1,0,1,1
24415,A4,0,1,0,1,1,0,1,1
24435,A4,0,1,0,0,1,0,1,1
24460,A4,0,0,0,0,1,0,1,1
24465,A5,0,1,0,0,1,0,1,1
24470,A5,0,1,0,1,1,0,1,1
24490,A5,0,1,0,0,1,0,1,1
24515,A5,0,0,0,0,1,0,1,1
24520,A5,0,0,0,0,1,1,1,1
24525,FF,0,0,0,0,1,1,1,1
24530,FF,0,0,0,0,1,0,1,1
24535,20,0,0,1,0,1,0,1,1
24540,20,0,0,1,1,1,0,1,1
24555,20,0,0,1,0,1,0,1,1
24585,20,0,0,0,0,1,0,1,1
24590,B0,0,1,0,0,1,0,1,1
24595,B0,0,1,0,1,1,0,1,1
24610,B0,0,1,0,0,1,0,1,1
24645,B0,0,0,0,0,1,0,1,1
24650,B1,0,1,0,0,1,0,1,1
24655,B1,0,1,0,1,1,0,1,1
24670,B1,0,1,0,0,1,0,1,1
24705,B1,0,0,0,0,1,0,1,1
24710,B2,0,1,0,0,1,0,1,1
24715,B2,0,1,0,1,1,0,1,1
24730,B2,0,1,0,0,1,0,1,1
24765,B2,0,0,0,0,1,0,1,1
24770,B3,0,1,0,0,1,0,1,1
24775,B3,0,1,0,1,1,0,1,1
24795,B3,0,1,0,0,1,0,1,1
24820,B3,0,0,0,0,1,0,1,1
24825,B4,0,1,0,0,1,0,1,1
24830,B4,0,1,0,1,1,0,1,1
24850,B4,0,1,0,0,1,0,1,1
24875,B4,0,0,0,0,1,0,1,1
24880,B5,0,1,0,0,1,0,1,1
24885,B5,0,1,0,1,1,0,1,1
24905,B5,0,1,0,0,1,0,1,1
24930,B5,0,0,0,0,1,0,1,1
24935,B5,0,0,0,0,1,1,1,1
24940,FF,0,0,0,0,1,1,1,1
24945,FF,0,0,0,0,1,0,1,1
24950,20,0,0,1,0,1,0,1,1
24955,20,0,0,1,1,1,0,1,1
24965,20,0,0,1,0,1,0,1,1
24980,20,0,0,0,0,1,0,1,1
24985,E0,0,1,0,0,1,0,1,1
24990,E0,0,1,0,1,1,0,1,1
25005,E0,0,1,0,0,1,0,1,1
25040,E0,0,0,0,0,1,0,1,1
25045,E1,0,1,0,0,1,0,1,1
25050,E1,0,1,0,1,1,0,1,1
25065,E1,0,1,0,0,1,0,1,1
25100,E1,0,0,0,0,1,0,1,1
25105,E2,0,1,0,0,1,0,1,1
25110,E2,0,1,0,1,1,0,1,1
25125,E2,0,1,0,0,1,0,1,1
25160,E2,0,0,0,0,1,0,1,1
25165,E3,0,1,0,0,1,0,1,1
25170,E3,0,1,0,1,1,0,1,1
25185,E3,0,1,0,0,1,0,1,1
25220,E3,0,0,0,0,1,0,1,1
25225,E4,0,1,0,0,1,0,1,1
25230,E4,0,1,0,1,1,0,1,1
25245,E4,0,1,0,0,1,0,1,1
25280,E4,0,0,0,0,1,0,1,1
25285,E5,0,1,0,0,1,0,1,1
25290,E5,0,1,0,1,1,0,1,1
25305,E5,0,1,0,0,1,0,1,1
25340,E5,0,0,0,0,1,0,1,1
25345,E5,0,0,0,0,1,1,1,1
25350,FF,0,0,0,0,1,1,1,1
25355,FF,0,0,0,0,1,0,1,1
25360,10,0,0,1,0,1,0,1,1
25365,10,0,0,1,1,1,0,1,1
25375,10,0,0,1,0,1,0,1,1
25390,10,0,0,0,0,1,0,1,1
25395,F0,0,1,0,0,1,0,1,1
25400,F0,0,1,0,1,1,0,1,1
25415,F0,0,1,0,0,1,0,1,1
25450,F0,0,0,0,0,1,0,1,1
25455,F1,0,1,0,0,1,0,1,1
25460,F1,0,1,0,1,1,0,1,1
25475,F1,0,1,0,0,1,0,1,1
25510,F1,0,0,0,0,1,0,1,1
25515,F2,0,1,0,0,1,0,1,1
25520,F2,0,1,0,1,1,0,1,1
25535,F2,0,1,0,0,1,0,1,1
25570,F2,0,0,0,0,1,0,1,1
25575,F3,0,1,0,0,1,0,1,1
25580,F3,0,1,0,1,1,0,1,1
25595,F3,0,1,0,0,1,0,1,1
25630,F3,0,0,0,0,1,0,1,1
25635,F4,0,1,0,0,1,0,1,1
25640,F4,0,1,0,1,1,0,1,1
25655,F4,0,1,0,0,1,0,1,1
25690,F4,0,0,0,0,1,0,1,1
25695,F5,0,1,0,0,1,0,1,1
25700,F5,0,1,0,1,1,0,1,1
25715,F5,0,1,0,0,1,0,1,1
25750,F5,0,0,0,0,1,0,1,1
25755,F5,0,0,0,0,1,1,1,1
25760,FF,0,0,0,0,1,1,1,1
25765,FF,0,0,0,0,1,0,1,1
25770,10,0,0,1,0,1,0,1,1
25775,10,0,0,1,1,1,0,1,1
25785,10,0,0,1,0,1,0,1,1
25800,10,0,0,0,0,1,0,1,1
25805,F0,0,1,0,0,1,0,1,1
25810,F0,0,1,0,1,1,0,1,1
25825,F0,0,1,0,0,1,0,1,1
25860,F0,0,0,0,0,1,0,1,1
25865,F1,0,1,0,0,1,0,1,1
25870,F1,0,1,0,1,1,0,1,1
25885,F1,0,1,0,0,1,0,1,1
25920,F1,0,0,0,0,1,0,1,1
25925,F2,0,1,0,0,1,0,1,1
25930,F2,0,1,0,1,1,0,1,1
25945,F2,0,1,0,0,1,0,1,1
25980,F2,0,0,0,0,1,0,1,1
25985,F3,0,1,0,0,1,0,1,1
25990,F3,0,1,0,1,1,0,1,1
26005,F3,0,1,0,0,1,0,1,1
26040,F3,0,0,0,0,1,0,1,1
26045,F4,0,1,0,0,1,0,1,1
26050,F4,0,1,0,1,1,0,1,1
26065,F4,0,1,0,0,1,0,1,1
26100,F4,0,0,0,0,1,0,1,1
26105,F5,0,1,0,0,1,0,1,1
26110,F5,0,1,0,1,1,0,1,1
26125,F5,0,1,0,0,1,0,1,1
26160,F5,0,0,0,0,1,0,1,1
26165,F5,0,0,0,0,1,1,1,1
26170,FF,0,0,0,0,1,1,1,1
26175,FF,0,0,0,0,1,0,1,1
26180,10,0,0,1,0,1,0,1,1
26185,10,0,0,1,1,1,0,1,1
26200,10,0,0,1,0,1,0,1,1
26230,10,0,0,0,0,1,0,1,1
26235,C0,0,1,0,0,1,0,1,1
26240,C0,0,1,0,1,1,0,1,1
26255,C0,0,1,0,0,1,0,1,1
26290,C0,0,0,0,0,1,0,1,1
26295,C1,0,1,0,0,1,0,1,1
26300,C1,0,1,0,1,1,0,1,1
26315,C1,0,1,0,0,1,0,1,1
26350,C1,0,0,0,0,1,0,1,1
26355,C2,0,1,0,0,1,0,1,1
26360,C2,0,1,0,1,1,0,1,1
26375,C2,0,1,0,0,1,0,1,1
26410,C2,0,0,0,0,1,0,1,1
26415,C3,0,1,0,0,1,0,1,1
26420,C3,0,1,0,1,1,0,1,1
26435,C3,0,1,0,0,1,0,1,1
26470,C3,0,0,0,0,1,0,1,1
26475,C4,0,1,0,0,1,0,1,1
26480,C4,0,1,0,1,1,0,1,1
26495,C4,0,1,0,0,1,0,1,1
26530,C4,0,0,0,0,1,0,1,1
26535,C5,0,1,0,0,1,0,1,1
26540,C5,0,1,0,1,1,0,1,1
26555,C5,0,1,0,0,1,0,1,1
26590,C5,0,0,0,0,1,0,1,1
26595,C5,0,0,0,0,1,1,1,1
26600,FF,0,0,0,0,1,1,1,1
26605,FF,0,0,0,0,1,0,1,1
26610,30,0,0,1,0,1,0,1,1
26615,30,0,0,1,1,1,0,1,1
26625,30,0,0,1,0,1,0,1,1
26640,30,0,0,0,0,1,0,1,1
26645,D0,0,1,0,0,1,0,1,1
26650,D0,0,1,0,1,1,0,1,1
26665,D0,0,1,0,0,1,0,1,1
26700,D0,0,0,0,0,1,0,1,1
26705,D1,0,1,0,0,1,0,1,1
26710,D1,0,1,0,1,1,0,1,1
26725,D1,0,1,0,0,1,0,1,1
26760,D1,0,0,0,0,1,0,1,1
26765,D2,0,1,0,0,1,0,1,1
26770,D2,0,1,0,1,1,0,1,1
26785,D2,0,1,0,0,1,0,1,1
26820,D2,0,0,0,0,1,0,1,1
26825,D3,0,1,0,0,1,0,1,1
26830,D3,0,1,0,1,1,0,1,1
26845,D3,0,1,0,0,1,0,1,1
26880,D3,0,0,0,0,1,0,1,1
26885,D4,0,1,0,0,1,0,1,1
26890,D4,0,1,0,1,1,0,1,1
26905,D4,0,1,0,0,1,0,1,1
26940,D4,0,0,0,0,1,0,1,1
26945,D5,0,1,0,0,1,0,1,1
26950,D5,0,1,0,1,1,0,1,1
26965,D5,0,1,0,0,1,0,1,1
27000,D5,0,0,0,0,1,0,1,1
27005,D5,0,0,0,0,1,1,1,1
27010,FF,0,0,0,0,1,1,1,1
27015,FF,0,0,0,0,1,0,1,1
27020,7E,0,0,1,0,1,0,1,1
27025,7E,0,0,1,1,1,0,1,1
27040,7E,0,0,1,0,1,0,1,1
27070,7E,0,0,0,0,1,0,1,1
27075,B0,0,1,0,0,1,0,1,1
27080,B0,0,1,0,1,1,0,1,1
27095,B0,0,1,0,0,1,0,1,1
27130,B0,0,0,0,0,1,0,1,1
27135,B1,0,1,0,0,1,0,1,1
27140,B1,0,1,0,1,1,0,1,1
27155,B1,0,1,0,0,1,0,1,1
27190,B1,0,0,0,0,1,0,1,1
27195,B2,0,1,0,0,1,0,1,1
27200,B2,0,1,0,1,1,0,1,1
27215,B2,0,1,0,0,1,0,1,1
27250,B2,0,0,0,0,1,0,1,1
27255,B3,0,1,0,0,1,0,1,1
27260,B3,0,1,0,1,1,0,1,1
27275,B3,0,1,0,0,1,0,1,1
27310,B3,0,0,0,0,1,0,1,1
27315,B4,0,1,0,0,1,0,1,1
27320,B4,0,1,0,1,1,0,1,1
27335,B4,0,1,0,0,1,0,1,1
27370,B4,0,0,0,0,1,0,1,1
27375,B5,0,1,0,0,1,0,1,1
27380,B5,0,1,0,1,1,0,1,1
27395,B5,0,1,0,0,1,0,1,1
27430,B5,0,0,0,0,1,0,1,1
27435,B5,0,0,0,0,1,1,1,1
27440,FF,0,0,0,0,1,1,1,1
27445,FF,0,0,0,0,1,0,1,1
27450,30,0,0,1,0,1,0,1,1
27455,30,0,0,1,1,1,0,1,1
27470,30,0,0,1,0,1,0,1,1
27500,30,0,0,0,0,1,0,1,1
27505,A0,0,1,0,0,1,0,1,1
27510,A0,0,1,0,1,1,0,1,1
27525,A0,0,1,0,0,1,0,1,1
27560,A0,0,0,0,0,1,0,1,1
27565,A1,0,1,0,0,1,0,1,1
27570,A1,0,1,0,1,1,0,1,1
27585,A1,0,1,0,0,1,0,1,1
27620,A1,0,0,0,0,1,0,1,1
27625,A2,0,1,0,0,1,0,1,1
27630,A2,0,1,0,1,1,0,1,1
27645,A2,0,1,0,0,1,0,1,1
27680,A2,0,0,0,0,1,0,1,1
27685,A3,0,1,0,0,1,0,1,1
27690,A3,0,1,0,1,1,0,1,1
27710,A3,0,1,0,0,1,0,1,1
27735,A3,0,0,0,0,1,0,1,1
27740,A4,0,1,0,0,1,0,1,1
27745,A4,0,1,0,1,1,0,1,1
27765,A4,0,1,0,0,1,0,1,1
27790,A4,0,0,0,0,1,0,1,1
27795,A5,0,1,0,0,1,0,1,1
27800,A5,0,1,0,1,1,0,1,1
27820,A5,0,1,0,0,1,0,1,1
27845,A5,0,0,0,0,1,0,1,1
27850,A5,0,0,0,0,1,1,1,1
27855,FF,0,0,0,0,1,1,1,1
27860,FF,0,0,0,0,1,1,1,1
27865,30,0,0,1,0,1,1,1,1
27870,30,0,0,1,1,1,1,1,1
27885,30,0,0,1,0,1,1,1,1
27915,30,0,0,0,0,1,1,1,1
27920,30,0,0,0,0,1,0,1,1
27925,A0,0,1,0,0,1,0,1,1
27930,A0,0,1,0,1,1,0,1,1
27945,A0,0,1,0,0,1,0,1,1
27980,A0,0,0,0,0,1,0,1,1
27985,A0,0,0,0,0,1,0,1,1
27990,A1,0,1,0,0,1,0,1,1
27995,A1,0,1,0,1,1,0,1,1
28010,A1,0,1,0,0,1,0,1,1
28045,A1,0,0,0,0,1,0,1,1
28050,A1,0,0,0,0,1,0,1,1
28055,A2,0,1,0,0,1,0,1,1
28060,A2,0,1,0,1,1,0,1,1
28075,A2,0,1,0,0,1,0,1,1
28110,A2,0,0,0,0,1,0,1,1
28115,A2,0,0,0,0,1,0,1,1
28120,A3,0,1,0,0,1,0,1,1
28125,A3,0,1,0,1,1,0,1,1
28140,A3,0,1,0,0,1,0,1,1
28175,A3,0,0,0,0,1,0,1,1
28180,A3,0,0,0,0,1,0,1,1
28185,A4,0,1,0,0,1,0,1,1
28190,A4,0,1,0,1,1,0,1,1
28205,A4,0,1,0,0,1,0,1,1
28240,A4,0,0,0,0,1,0,1,1
28245,A4,0,0,0,0,1,0,1,1
28250,A5,0,1,0,0,1,0,1,1
28255,A5,0,1,0,1,1,0,1,1
28270,A5,0,1,0,0,1,0,1,1
28305,A5,0,0,0,0,1,0,1,1
28310,A5,0,0,0,0,1,1,1,1
28315,FF,0,0,0,0,1,1,1,1
28320,FF,0,0,0,0,1,0,1,1
28325,20,0,0,1,0,1,0,1,1
28330,20,0,0,1,1,1,0,1,1
28340,20,0,0,1,0,1,0,1,1
28355,20,0,0,0,0,1,0,1,1
28360,E0,0,1,0,0,1,0,1,1
28365,E0,0,1,0,1,1,0,1,1
28380,E0,0,1,0,0,1,0,1,1
28415,E0,0,0,0,0,1,0,1,1
28420,E1,0,1,0,0,1,0,1,1
28425,E1,0,1,0,1,1,0,1,1
28440,E1,0,1,0,0,1,0,1,1
28475,E1,0,0,0,0,1,0,1,1
28480,E2,0,1,0,0,1,0,1,1
28485,E2,0,1,0,1,1,0,1,1
28500,E2,0,1,0,0,1,0,1,1
28535,E2,0,0,0,0,1,0,1,1
28540,E3,0,1,0,0,1,0,1,1
28545,E3,0,1,0,1,1,0,1,1
28560,E3,0,1,0,0,1,0,1,1
28595,E3,0,0,0,0,1,0,1,1
28600,E4,0,1,0,0,1,0,1,1
28605,E4,0,1,0,1,1,0,1,1
28620,E4,0,1,0,0,1,0,1,1
28655,E4,0,0,0,0,1,0,1,1
28660,E5,0,1,0,0,1,0,1,1
28665,E5,0,1,0,1,1,0,1,1
28680,E5,0,1,0,0,1,0,1,1
28715,E5,0,0,0,0,1,0,1,1
28720,E5,0,0,0,0,1,1,1,1
28725,FF,0,0,0,0,1,1,1,1
28730,FF,0,0,0,0,1,0,1,1
28735,20,0,0,1,0,1,0,1,1
28740,20,0,0,1,1,1,0,1,1
28755,20,0,0,1,0,1,0,1,1
28785,20,0,0,0,0,1,0,1,1
28790,B0,0,0,0,0,1,0,1,1
28795,B0,0,0,0,1,1,0,1,1
28805,B0,0,0,0,0,1,0,1,1
28835,B0,0,0,0,0,1,0,1,1
28840,B1,0,0,0,0,1,0,1,1
28845,B1,0,0,0,1,1,0,1,1
28855,B1,0,0,0,0,1,0,1,1
28885,B1,0,0,0,0,1,0,1,1
28890,B2,0,0,0,0,1,0,1,1
28895,B2,0,0,0,1,1,0,1,1
28905,B2,0,0,0,0,1,0,1,1
28935,B2,0,0,0,0,1,0,1,1
28940,B3,0,0,0,0,1,0,1,1
28945,B3,0,0,0,1,1,0,1,1
28955,B3,0,0,0,0,1,0,1,1
28985,B3,0,0,0,0,1,0,1,1
28990,B4,0,0,0,0,1,0,1,1
28995,B4,0,0,0,1,1,0,1,1
29005,B4,0,0,0,0,1,0,1,1
29035,B4,0,0,0,0,1,0,1,1
29040,B5,0,0,0,0,1,0,1,1
29045,B5,0,0,0,1,1,0,1,1
29055,B5,0,0,0,0,1,0,1,1
29085,B5,0,0,0,0,1,0,1,1
29090,B5,0,0,0,0,1,1,1,1
29095,FF,0,0,0,0,1,1,1,1
29100,FF,0,0,0,0,1,0,1,1
29105,10,0,0,1,0,1,0,1,1
29110,10,0,0,1,1,1,0,1,1
29125,10,0,0,1,0,1,0,1,1
29155,10,0,0,0,0,1,0,1,1
29160,C0,0,1,0,0,1,0,1,1
29165,C0,0,1,0,1,1,0,1,1
29180,C0,0,1,0,0,1,0,1,1
29215,C0,0,0,0,0,1,0,1,1
29220,C1,0,1,0,0,1,0,1,1
29225,C1,0,1,0,1,1,0,1,1
29240,C1,0,1,0,0,1,0,1,1
29275,C1,0,0,0,0,1,0,1,1
29280,C2,0,1,0,0,1,0,1,1
29285,C2,0,1,0,1,1,0,1,1
29300,C2,0,1,0,0,1,0,1,1
29335,C2,0,0,0,0,1,0,1,1
29340,C3,0,1,0,0,1,0,1,1
29345,C3,0,1,0,1,1,0,1,1
29365,C3,0,1,0,0,1,0,1,1
29390,C3,0,0,0,0,1,0,1,1
29395,C4,0,1,0,0,1,0,1,1
29400,C4,0,1,0,1,1,0,1,1
29420,C4,0,1,0,0,1,0,1,1
29445,C4,0,0,0,0,1,0,1,1
29450,C5,0,1,0,0,1,0,1,1
29455,C5,0,1,0,1,1,0,1,1
29475,C5,0,1,0,0,1,0,1,1
29500,C5,0,0,0,0,1,0,1,1
29505,C5,0,0,0,0,1,1,1,1
29510,FF,0,0,0,0,1,1,1,1
29515,FF,0,0,0,0,1,0,1,1
29520,10,0,0,1,0,1,0,1,1
29525,10,0,0,1,1,1,0,1,1
29535,10,0,0,1,0,1,0,1,1
29550,10,0,0,0,0,1,0,1,1
29555,F0,0,1,0,0,1,0,1,1
29560,F0,0,1,0,1,1,0,1,1
29575,F0,0,1,0,0,1,0,1,1
29610,F0,0,0,0,0,1,0,1,1
29615,F1,0,1,0,0,1,0,1,1
29620,F1,0,1,0,1,1,0,1,1
29635,F1,0,1,0,0,1,0,1,1
29670,F1,0,0,0,0,1,0,1,1
29675,F2,0,1,0,0,1,0,1,1
29680,F2,0,1,0,1,1,0,1,1
29695,F2,0,1,0,0,1,0,1,1
29730,F2,0,0,0,0,1,0,1,1
29735,F3,0,1,0,0,1,0,1,1
29740,F3,0,1,0,1,1,0,1,1
29755,F3,0,1,0,0,1,0,1,1
29790,F3,0,0,0,0,1,0,1,1
29795,F4,0,1,0,0,1,0,1,1
29800,F4,0,1,0,1,1,0,1,1
29815,F4,0,1,0,0,1,0,1,1
29850,F4,0,0,0,0,1,0,1,1
29855,F5,0,1,0,0,1,0,1,1
29860,F5,0,1,0,1,1,0,1,1
29875,F5,0,1,0,0,1,0,1,1
29910,F5,0,0,0,0,1,0,1,1
29915,F5,0,0,0,0,1,1,1,1
29920,FF,0,0,0,0,1,1,1,1
29925,FF,0,0,0,0,1,1,1,1
29930,30,0,0,1,0,1,1,1,1
29935,30,0,0,1,1,1,1,1,1
29950,30,0,0,1,0,1,1,1,1
29980,30,0,0,0,0,1,1,1,1
29985,30,0,0,0,0,1,0,1,1
29990,A0,0,1,0,0,1,0,1,1
29995,A0,0,1,0,1,1,0,1,1
30010,A0,0,1,0,0,1,0,1,1
30045,A0,0,0,0,0,1,0,1,1
30050,A0,0,0,0,0,1,0,1,1
30055,A1,0,1,0,0,1,0,1,1
30060,A1,0,1,0,1,1,0,1,1
30075,A1,0,1,0,0,1,0,1,1
30110,A1,0,0,0,0,1,0,1,1
30115,A1,0,0,0,0,1,0,1,1
30120,A2,0,1,0,0,1,0,1,1
30125,A2,0,1,0,1,1,0,1,1
30140,A2,0,1,0,0,1,0,1,1
30175,A2,0,0,0,0,1,0,1,1
30180,A2,0,0,0,0,1,0,1,1
30185,A3,0,1,0,0,1,0,1,1
30190,A3,0,1,0,1,1,0,1,1
30205,A3,0,1,0,0,1,0,1,1
30240,A3,0,0,0,0,1,0,1,1
30245,A3,0,0,0,0,1,0,1,1
30250,A4,0,1,0,0,1,0,1,1
30255,A4,0,1,0,1,1,0,1,1
30270,A4,0,1,0,0,1,0,1,1
30305,A4,0,0,0,0,1,0,1,1
30310,A4,0,0,0,0,1,0,1,1
30315,A5,0,1,0,0,1,0,1,1
30320,A5,0,1,0,1,1,0,1,1
30335,A5,0,1,0,0,1,0,1,1
30370,A5,0,0,0,0,1,0,1,1
30375,A5,0,0,0,0,1,1,1,1
30380,FF,0,0,0,0,1,1,1,1
30385,FF,0,0,0,0,1,0,1,1
30390,20,0,0,1,0,1,0,1,1
30395,20,0,0,1,1,1,0,1,1
30410,20,0,0,1,0,1,0,1,1
30440,20,0,0,0,0,1,0,1,1
30445,B0,0,1,0,0,1,0,1,1
30450,B0,0,1,0,1,1,0,1,1
30465,B0,0,1,0,0,1,0,1,1
30500,B0,0,0,0,0,1,0,1,1
30505,B1,0,1,0,0,1,0,1,1
30510,B1,0,1,0,1,1,0,1,1
30525,B1,0,1,0,0,1,0,1,1
30560,B1,0,0,0,0,1,0,1,1
30565,B2,0,1,0,0,1,0,1,1
30570,B2,0,1,0,1,1,0,1,1
30585,B2,0,1,0,0,1,0,1,1
30620,B2,0,0,0,0,1,0,1,1
30625,B3,0,1,0,0,1,0,1,1
30630,B3,0,1,0,1,1,0,1,1
30645,B3,0,1,0,0,1,0,1,1
30680,B3,0,0,0,0,1,0,1,1
30685,B4,0,1,0,0,1,0,1,1
30690,B4,0,1,0,1,1,0,1,1
30705,B4,0,1,0,0,1,0,1,1
30740,B4,0,0,0,0,1,0,1,1
30745,B5,0,1,0,0,1,0,1,1
30750,B5,0,1,0,1,1,0,1,1
30765,B5,0,1,0,0,1,0,1,1
30800,B5,0,0,0,0,1,0,1,1
30805,B5,0,0,0,0,1,1,1,1
30810,FF,0,0,0,0,1,1,1,1
30815,FF,0,0,0,0,1,0,1,1
30820,7E,0,0,1,0,1,0,1,1
30825,7E,0,0,1,1,1,0,1,1
30840,7E,0,0,1,0,1,0,1,1
30870,7E,0,0,0,0,1,0,1,1
30875,B0,0,1,0,0,1,0,1,1
30880,B0,0,1,0,1,1,0,1,1
30895,B0,0,1,0,0,1,0,1,1
30930,B0,0,0,0,0,1,0,1,1
30935,B1,0,1,0,0,1,0,1,1
30940,B1,0,1,0,1,1,0,1,1
30955,B1,0,1,0,0,1,0,1,1
30990,B1,0,0,0,0,1,0,1,1
30995,B2,0,1,0,0,1,0,1,1
31000,B2,0,1,0,1,1,0,1,1
31015,B2,0,1,0,0,1,0,1,1
31050,B2,0,0,0,0,1,0,1,1
31055,B3,0,1,0,0,1,0,1,1
31060,B3,0,1,0,1,1,0,1,1
31075,B3,0,1,0,0,1,0,1,1
31110,B3,0,0,0,0,1,0,1,1
31115,B4,0,1,0,0,1,0,1,1
31120,B4,0,1,0,1,1,0,1,1
31135,B4,0,1,0,0,1,0,1,1
31170,B4,0,0,0,0,1,0,1,1
31175,B5,0,1,0,0,1,0,1,1
31180,B5,0,1,0,1,1,0,1,1
31195,B5,0,1,0,0,1,0,1,1
31230,B5,0,0,0,0,1,0,1,1
31235,B5,0,0,0,0,1,1,1,1
31240,FF,0,0,0,0,1,1,1,1
31245,FF,0,0,0,0,1,0,1,1
31250,30,0,0,1,0,1,0,1,1
31255,30,0,0,1,1,1,0,1,1
31270,30,0,0,1,0,1,0,1,1
31300,30,0,0,0,0,1,0,1,1
31305,A0,0,1,0,0,1,0,1,1
31310,A0,0,1,0,1,1,0,1,1
31325,A0,0,1,0,0,1,0,1,1
31360,A0,0,0,0,0,1,0,1,1
31365,A1,0,1,0,0,1,0,1,1
31370,A1,0,1,0,1,1,0,1,1
31385,A1,0,1,0,0,1,0,1,1
31420,A1,0,0,0,0,1,0,1,1
31425,A2,0,1,0,0,1,0,1,1
31430,A2,0,1,0,1,1,0,1,1
31445,A2,0,1,0,0,1,0,1,1
31480,A2,0,0,0,0,1,0,1,1
31485,A3,0,1,0,0,1,0,1,1
31490,A3,0,1,0,1,1,0,1,1
31510,A3,0,1,0,0,1,0,1,1
31535,A3,0,0,0,0,1,0,1,1
31540,A4,0,1,0,0,1,0,1,1
31545,A4,0,1,0,1,1,0,1,1
31565,A4,0,1,0,0,1,0,1,1
31590,A4,0,0,0,0,1,0,1,1
31595,A5,0,1,0,0,1,0,1,1
31600,A5,0,1,0,1,1,0,1,1
31620,A5,0,1,0,0,1,0,1,1
31645,A5,0,0,0,0,1,0,1,1
31650,A5,0,0,0,0,1,1,1,1
31655,FF,0,0,0,0,1,1,1,1
31660,FF,0,0,0,0,1,0,1,1
31665,30,0,0,1,0,1,0,1,1
31670,30,0,0,1,1,1,0,1,1
31685,30,0,0,1,0,1,0,1,1
31715,30,0,0,0,0,1,0,1,1
31720,A0,0,1,0,0,1,0,1,1
31725,A0,0,1,0,1,1,0,1,1
31740,A0,0,1,0,0,1,0,1,1
31775,A0,0,0,0,0,1,0,1,1
31780,A1,0,1,0,0,1,0,1,1
31785,A1,0,1,0,1,1,0,1,1
31800,A1,0,1,0,0,1,0,1,1
31835,A1,0,0,0,0,1,0,1,1
31840,A2,0,1,0,0,1,0,1,1
31845,A2,0,1,0,1,1,0,1,1
31860,A2,0,1,0,0,1,0,1,1
31895,A2,0,0,0,0,1,0,1,1
31900,A3,0,1,0,0,1,0,1,1
31905,A3,0,1,0,1,1,0,1,1
31920,A3,0,1,0,0,1,0,1,1
31955,A3,0,0,0,0,1,0,1,1
31960,A4,0,1,0,0,1,0,1,1
31965,A4,0,1,0,1,1,0,1,1
31980,A4,0,1,0,0,1,0,1,1
32015,A4,0,0,0,0,1,0,1,1
32020,A5,0,1,0,0,1,0,1,1
32025,A5,0,1,0,1,1,0,1,1
32040,A5,0,1,0,0,1,0,1,1
32075,A5,0,0,0,0,1,0,1,1
32080,A5,0,0,0,0,1,1,1,1
32085,FF,0,0,0,0,1,1,1,1
32090,FF,0,0,0,0,1,1,1,1
32095,30,0,0,1,0,1,1,1,1
32100,30,0,0,1,1,1,1,1,1
32115,30,0,0,1,0,1,1,1,1
32145,30,0,0,0,0,1,1,1,1
32150,30,0,0,0,0,1,0,1,1
32155,A0,0,1,0,0,1,0,1,1
32160,A0,0,1,0,1,1,0,1,1
32175,A0,0,1,0,0,1,0,1,1
32210,A0,0,0,0,0,1,0,1,1
32215,A0,0,0,0,0,1,0,1,1
32220,A1,0,1,0,0,1,0,1,1
32225,A1,0,1,0,1,1,0,1,1
32240,A1,0,1,0,0,1,0,1,1
32275,A1,0,0,0,0,1,0,1,1
32280,A1,0,0,0,0,1,0,1,1
32285,A2,0,1,0,0,1,0,1,1
32290,A2,0,1,0,1,1,0,1,1
32305,A2,0,1,0,0,1,0,1,1
32340,A2,0,0,0,0,1,0,1,1
32345,A2,0,0,0,0,1,0,1,1
32350,A3,0,1,0,0,1,0,1,1
32355,A3,0,1,0,1,1,0,1,1
32370,A3,0,1,0,0,1,0,1,1
32405,A3,0,0,0,0,1,0,1,1
32410,A3,0,0,0,0,1,0,1,1
32415,A4,0,1,0,0,1,0,1,1
32420,A4,0,1,0,1,1,0,1,1
32435,A4,0,1,0,0,1,0,1,1
32470,A4,0,0,0,0,1,0,1,1
32475,A4,0,0,0,0,1,0,1,1
32480,A5,0,1,0,0,1,0,1,1
32485,A5,0,1,0,1,1,0,1,1
32500,A5,0,1,0,0,1,0,1,1
32535,A5,0,0,0,0,1,0,1,1
32540,A5,0,0,0,0,1,1,1,1
32545,FF,0,0,0,0,1,1,1,1
32550,FF,0,0,0,0,1,0,1,1
32555,10,0,1,1,0,1,0,1,1
32560,10,0,1,1,1,1,0,1,1
32575,10,0,1,1,0,1,0,1,1
32605,10,0,0,0,0,1,0,1,1
32610,10,0,0,0,0,1,1,1,1
32615,FF,0,0,0,0,1,1,1,1
32620,FF,0,0,0,0,1,0,1,1
32625,20,0,0,1,0,1,0,1,1
32630,20,0,0,1,1,1,0,1,1
32645,20,0,0,1,0,1,0,1,1
32675,20,0,0,0,0,1,0,1,1
32680,B0,0,1,0,0,1,0,1,1
32685,B0,0,1,0,1,1,0,1,1
32700,B0,0,1,0,0,1,0,1,1
32735,B0,0,0,0,0,1,0,1,1
32740,B1,0,1,0,0,1,0,1,1
32745,B1,0,1,0,1,1,0,1,1
32760,B1,0,1,0,0,1,0,1,1
32795,B1,0,0,0,0,1,0,1,1
32800,B2,0,1,0,0,1,0,1,1
32805,B2,0,1,0,1,1,0,1,1
32820,B2,0,1,0,0,1,0,1,1
32855,B2,0,0,0,0,1,0,1,1
32860,B3,0,1,0,0,1,0,1,1
32865,B3,0,1,0,1,1,0,1,1
32880,B3,0,1,0,0,1,0,1,1
32915,B3,0,0,0,0,1,0,1,1
32920,B4,0,1,0,0,1,0,1,1
32925,B4,0,1,0,1,1,0,1,1
32940,B4,0,1,0,0,1,0,1,1
32975,B4,0,0,0,0,1,0,1,1
32980,B5,0,1,0,0,1,0,1,1
32985,B5,0,1,0,1,1,0,1,1
33000,B5,0,1,0,0,1,0,1,1
33035,B5,0,0,0,0,1,0,1,1
33040,B5,0,0,0,0,1,1,1,1
33045,FF,0,0,0,0,1,1,1,1
33050,FF,0,0,0,0,1,0,1,1
33055,20,0,0,1,0,1,0,1,1
33060,20,0,0,1,1,1,0,1,1
33075,20,0,0,1,0,1,0,1,1
33105,20,0,0,0,0,1,0,1,1
33110,B0,0,1,0,0,1,0,1,1
33115,B0,0,1,0,1,1,0,1,1
33130,B0,0,1,0,0,1,0,1,1
33165,B0,0,0,0,0,1,0,1,1
33170,B1,0,1,0,0,1,0,1,1
33175,B1,0,1,0,1,1,0,1,1
33190,B1,0,1,0,0,1,0,1,1
33225,B1,0,0,0,0,1,0,1,1
33230,B2,0,1,0,0,1,0,1,1
33235,B2,0,1,0,1,1,0,1,1
33250,B2,0,1,0,0,1,0,1,1
33285,B2,0,0,0,0,1,0,1,1
33290,B3,0,1,0,0,1,0,1,1
33295,B3,0,1,0,1,1,0,1,1
33315,B3,0,1,0,0,1,0,1,1
33340,B3,0,0,0,0,1,0,1,1
33345,B4,0,1,0,0,1,0,1,1
33350,B4,0,1,0,1,1,0,1,1
33370,B4,0,1,0,0,1,0,1,1
33395,B4,0,0,0,0,1,0,1,1
33400,B5,0,1,0,0,1,0,1,1
33405,B5,0,1,0,1,1,0,1,1
33425,B5,0,1,0,0,1,0,1,1
33450,B5,0,0,0,0,1,0,1,1
33455,B5,0,0,0,0,1,1,1,1
33460,FF,0,0,0,0,1,1,1,1
33465,FF,0,0,0,0,1,0,1,1
33470,5A,0,0,1,0,1,0,1,1
33475,5A,0,0,1,1,1,0,1,1
33490,5A,0,0,1,0,1,0,1,1
33520,5A,0,0,0,0,1,0,1,1
33525,A0,0,1,0,0,1,0,1,1
33530,A0,0,1,0,1,1,0,1,1
33545,A0,0,1,0,0,1,0,1,1
33580,A0,0,0,0,0,1,0,1,1
33585,A1,0,1,0,0,1,0,1,1
33590,A1,0,1,0,1,1,0,1,1
33605,A1,0,1,0,0,1,0,1,1
33640,A1,0,0,0,0,1,0,1,1
33645,A2,0,1,0,0,1,0,1,1
33650,A2,0,1,0,1,1,0,1,1
33665,A2,0,1,0,0,1,0,1,1
33700,A2,0,0,0,0,1,0,1,1
33705,A3,0,1,0,0,1,0,1,1
33710,A3,0,1,0,1,1,0,1,1
33725,A3,0,1,0,0,1,0,1,1
33760,A3,0,0,0,0,1,0,1,1
33765,A4,0,1,0,0,1,0,1,1
33770,A4,0,1,0,1,1,0,1,1
33785,A4,0,1,0,0,1,0,1,1
33820,A4,0,0,0,0,1,0,1,1
33825,A5,0,1,0,0,1,0,1,1
33830,A5,0,1,0,1,1,0,1,1
33845,A5,0,1,0,0,1,0,1,1
33880,A5,0,0,0,0,1,0,1,1
33885,A5,0,0,0,0,1,1,1,1
33890,FF,0,0,0,0,1,1,1,1
33895,FF,0,0,0,0,1,0,1,1
33900,20,0,0,1,0,1,0,1,1
33905,20,0,0,1,1,1,0,1,1
33920,20,0,0,1,0,1,0,1,1
33950,20,0,0,0,0,1,0,1,1
33955,B0,0,1,0,0,1,0,1,1
33960,B0,0,1,0,1,1,0,1,1
33975,B0,0,1,0,0,1,0,1,1
34010,B0,0,0,0,0,1,0,1,1
34015,B1,0,1,0,0,1,0,1,1
34020,B1,0,1,0,1,1,0,1,1
34035,B1,0,1,0,0,1,0,1,1
34070,B1,0,0,0,0,1,0,1,1
34075,B2,0,1,0,0,1,0,1,1
34080,B2,0,1,0,1,1,0,1,1
34095,B2,0,1,0,0,1,0,1,1
34130,B2,0,0,0,0,1,0,1,1
34135,B3,0,1,0,0,1,0,1,1
34140,B3,0,1,0,1,1,0,1,1
34155,B3,0,1,0,0,1,0,1,1
34190,B3,0,0,0,0,1,0,1,1
34195,B4,0,1,0,0,1,0,1,1
34200,B4,0,1,0,1,1,0,1,1
34215,B4,0,1,0,0,1,0,1,1
34250,B4,0,0,0,0,1,0,1,1
34255,B5,0,1,0,0,1,0,1,1
34260,B5,0,1,0,1,1,0,1,1
34275,B5,0,1,0,0,1,0,1,1
34310,B5,0,0,0,0,1,0,1,1
34315,B5,0,0,0,0,1,1,1,1
34320,FF,0,0,0,0,1,1,1,1
34325,FF,0,0,0,0,1,0,1,1
34330,10,0,1,1,0,1,0,1,1
34335,10,0,1,1,1,1,0,1,1
34350,10,0,1,1,0,1,0,1,1
34380,10,0,0,0,0,1,0,1,1
34385,10,0,0,0,0,1,1,1,1
34390,FF,0,0,0,0,1,1,1,1
34395,FF,0,0,0,0,1,0,1,1
34400,5A,0,0,1,0,1,0,1,1
34405,5A,0,0,1,1,1,0,1,1
34420,5A,0,0,1,0,1,0,1,1
34450,5A,0,0,0,0,1,0,1,1
34455,A0,0,1,0,0,1,0,1,1
34460,A0,0,1,0,1,1,0,1,1
34475,A0,0,1,0,0,1,0,1,1
34510,A0,0,0,0,0,1,0,1,1
34515,A1,0,1,0,0,1,0,1,1
34520,A1,0,1,0,1,1,0,1,1
34535,A1,0,1,0,0,1,0,1,1
34570,A1,0,0,0,0,1,0,1,1
34575,A2,0,1,0,0,1,0,1,1
34580,A2,0,1,0,1,1,0,1,1
34595,A2,0,1,0,0,1,0,1,1
34630,A2,0,0,0,0,1,0,1,1
34635,A3,0,1,0,0,1,0,1,1
34640,A3,0,1,0,1,1,0,1,1
34655,A3,0,1,0,0,1,0,1,1
34690,A3,0,0,0,0,1,0,1,1
34695,A4,0,1,0,0,1,0,1,1
34700,A4,0,1,0,1,1,0,1,1
34715,A4,0,1,0,0,1,0,1,1
34750,A4,0,0,0,0,1,0,1,1
34755,A5,0,1,0,0,1,0,1,1
34760,A5,0,1,0,1,1,0,1,1
34775,A5,0,1,0,0,1,0,1,1
34810,A5,0,0,0,0,1,0,1,1
34815,A5,0,0,0,0,1,1,1,1
34820,FF,0,0,0,0,1,1,1,1
34825,FF,0,0,0,0,1,0,1,1
34830,20,0,0,1,0,1,0,1,1
34835,20,0,0,1,1,1,0,1,1
34850,20,0,0,1,0,1,0,1,1
34880,20,0,0,0,0,1,0,1,1
34885,B0,0,1,0,0,1,0,1,1
34890,B0,0,1,0,1,1,0,1,1
34905,B0,0,1,0,0,1,0,1,1
34940,B0,0,0,0,0,1,0,1,1
34945,B1,0,1,0,0,1,0,1,1
34950,B1,0,1,0,1,1,0,1,1
34965,B1,0,1,0,0,1,0,1,1
35000,B1,0,0,0,0,1,0,1,1
35005,B2,0,1,0,0,1,0,1,1
35010,B2,0,1,0,1,1,0,1,1
35025,B2,0,1,0,0,1,0,1,1
35060,B2,0,0,0,0,1,0,1,1
35065,B3,0,1,0,0,1,0,1,1
35070,B3,0,1,0,1,1,0,1,1
35085,B3,0,1,0,0,1,0,1,1
35120,B3,0,0,0,0,1,0,1,1
35125,B4,0,1,0,0,1,0,1,1
35130,B4,0,1,0,1,1,0,1,1
35145,B4,0,1,0,0,1,0,1,1
35180,B4,0,0,0,0,1,0,1,1
35185,B5,0,1,0,0,1,0,1,1
35190,B5,0,1,0,1,1,0,1,1
35205,B5,0,1,0,0,1,0,1,1
35240,B5,0,0,0,0,1,0,1,1
35245,B5,0,0,0,0,1,1,1,1
35250,FF,0,0,0,0,1,1,1,1
35255,FF,0,0,0,0,1,0,1,1
35260,10,0,0,1,0,1,0,1,1
35265,10,0,0,1,1,1,0,1,1
35280,10,0,0,1,0,1,0,1,1
35310,10,0,0,0,0,1,0,1,1
35315,C0,0,1,0,0,1,0,1,1
35320,C0,0,1,0,1,1,0,1,1
35335,C0,0,1,0,0,1,0,1,1
35370,C0,0,0,0,0,1,0,1,1
35375,C1,0,1,0,0,1,0,1,1
35380,C1,0,1,0,1,1,0,1,1
35395,C1,0,1,0,0,1,0,1,1
35430,C1,0,0,0,0,1,0,1,1
35435,C2,0,1,0,0,1,0,1,1
35440,C2,0,1,0,1,1,0,1,1
35455,C2,0,1,0,0,1,0,1,1
35490,C2,0,0,0,0,1,0,1,1
35495,C3,0,1,0,0,1,0,1,1
35500,C3,0,1,0,1,1,0,1,1
35515,C3,0,1,0,0,1,0,1,1
35550,C3,0,0,0,0,1,0,1,1
35555,C4,0,1,0,0,1,0,1,1
35560,C4,0,1,0,1,1,0,1,1
35575,C4,0,1,0,0,1,0,1,1
35610,C4,0,0,0,0,1,0,1,1
35615,C5,0,1,0,0,1,0,1,1
35620,C5,0,1,0,1,1,0,1,1
35635,C5,0,1,0,0,1,0,1,1
35670,C5,0,0,0,0,1,0,1,1
35675,C5,0,0,0,0,1,1,1,1
35680,FF,0,0,0,0,1,1,1,1
35685,FF,0,0,0,0,1,0,1,1
35690,20,0,0,1,0,1,0,1,1
35695,20,0,0,1,1,1,0,1,1
35710,20,0,0,1,0,1,0,1,1
35740,20,0,0,0,0,1,0,1,1
35745,B0,0,1,0,0,1,0,1,1
35750,B0,0,1,0,1,1,0,1,1
35765,B0,0,1,0,0,1,0,1,1
35800,B0,0,0,0,0,1,0,1,1
35805,B1,0,1,0,0,1,0,1,1
35810,B1,0,1,0,1,1,0,1,1
35825,B1,0,1,0,0,1,0,1,1
35860,B1,0,0,0,0,1,0,1,1
35865,B2,0,1,0,0,1,0,1,1
35870,B2,0,1,0,1,1,0,1,1
35885,B2,0,1,0,0,1,0,1,1
35920,B2,0,0,0,0,1,0,1,1
35925,B3,0,1,0,0,1,0,1,1
35930,B3,0,1,0,1,1,0,1,1
35950,B3,0,1,0,0,1,0,1,1
35975,B3,0,0,0,0,1,0,1,1
35980,B4,0,1,0,0,1,0,1,1
35985,B4,0,1,0,1,1,0,1,1
36005,B4,0,1,0,0,1,0,1,1
36030,B4,0,0,0,0,1,0,1,1
36035,B5,0,1,0,0,1,0,1,1
36040,B5,0,1,0,1,1,0,1,1
36060,B5,0,1,0,0,1,0,1,1
36085,B5,0,0,0,0,1,0,1,1
36090,B5,0,0,0,0,1,1,1,1
36095,FF,0,0,0,0,1,1,1,1
36100,FF,0,0,0,0,1,0,1,1
36105,10,0,0,1,0,1,0,1,1
36110,10,0,0,1,1,1,0,1,1
36125,10,0,0,1,0,1,0,1,1
36155,10,0,0,0,0,1,0,1,1
36160,C0,0,1,0,0,1,0,1,1
36165,C0,0,1,0,1,1,0,1,1
36180,C0,0,1,0,0,1,0,1,1
36215,C0,0,0,0,0,1,0,1,1
36220,C1,0,1,0,0,1,0,1,1
36225,C1,0,1,0,1,1,0,1,1
36240,C1,0,1,0,0,1,0,1,1
36275,C1,0,0,0,0,1,0,1,1
36280,C2,0,1,0,0,1,0,1,1
36285,C2,0,1,0,1,1,0,1,1
36300,C2,0,1,0,0,1,0,1,1
36335,C2,0,0,0,0,1,0,1,1
36340,C3,0,1,0,0,1,0,1,1
36345,C3,0,1,0,1,1,0,1,1
36365,C3,0,1,0,0,1,0,1,1
36390,C3,0,0,0,0,1,0,1,1
36395,C4,0,1,0,0,1,0,1,1
36400,C4,0,1,0,1,1,0,1,1
36420,C4,0,1,0,0,1,0,1,1
36445,C4,0,0,0,0,1,0,1,1
36450,C5,0,1,0,0,1,0,1,1
36455,C5,0,1,0,1,1,0,1,1
36475,C5,0,1,0,0,1,0,1,1
36500,C5,0,0,0,0,1,0,1,1
36505,C5,0,0,0,0,1,1,1,1
36510,FF,0,0,0,0,1,1,1,1
36515,FF,0,0,0,0,1,0,1,1
36520,20,0,0,1,0,1,0,1,1
36525,20,0,0,1,1,1,0,1,1
36540,20,0,0,1,0,1,0,1,1
36570,20,0,0,0,0,1,0,1,1
36575,B0,0,1,0,0,1,0,1,1
36580,B0,0,1,0,1,1,0,1,1
36595,B0,0,1,0,0,1,0,1,1
36630,B0,0,0,0,0,1,0,1,1
36635,B1,0,1,0,0,1,0,1,1
36640,B1,0,1,0,1,1,0,1,1
36655,B1,0,1,0,0,1,0,1,1
36690,B1,0,0,0,0,1,0,1,1
36695,B2,0,1,0,0,1,0,1,1
36700,B2,0,1,0,1,1,0,1,1
36715,B2,0,1,0,0,1,0,1,1
36750,B2,0,0,0,0,1,0,1,1
36755,B3,0,1,0,0,1,0,1,1
36760,B3,0,1,0,1,1,0,1,1
36775,B3,0,1,0,0,1,0,1,1
36810,B3,0,0,0,0,1,0,1,1
36815,B4,0,1,0,0,1,0,1,1
36820,B4,0,1,0,1,1,0,1,1
36835,B4,0,1,0,0,1,0,1,1
36870,B4,0,0,0,0,1,0,1,1
36875,B5,0,1,0,0,1,0,1,1
36880,B5,0,1,0,1,1,0,1,1
36895,B5,0,1,0,0,1,0,1,1
36930,B5,0,0,0,0,1,0,1,1
36935,B5,0,0,0,0,1,1,1,1
36940,FF,0,0,0,0,1,1,1,1
36945,FF,0,0,0,0,1,0,1,1
36950,10,0,1,1,0,1,0,1,1
36955,10,0,1,1,1,1,0,1,1
36970,10,0,1,1,0,1,0,1,1
37000,10,0,0,0,0,1,0,1,1
37005,10,0,0,0,0,1,1,1,1
37010,FF,0,0,0,0,1,1,1,1
37015,FF,0,0,0,0,1,0,1,1
37020,30,0,0,1,0,1,0,1,1
37025,30,0,0,1,1,1,0,1,1
37040,30,0,0,1,0,1,0,1,1
37070,30,0,0,0,0,1,0,1,1
37075,A0,0,1,0,0,1,0,1,1
37080,A0,0,1,0,1,1,0,1,1
37095,A0,0,1,0,0,1,0,1,1
37130,A0,0,0,0,0,1,0,1,1
37135,A1,0,1,0,0,1,0,1,1
37140,A1,0,1,0,1,1,0,1,1
37155,A1,0,1,0,0,1,0,1,1
37190,A1,0,0,0,0,1,0,1,1
37195,A2,0,1,0,0,1,0,1,1
37200,A2,0,1,0,1,1,0,1,1
37215,A2,0,1,0,0,1,0,1,1
37250,A2,0,0,0,0,1,0,1,1
37255,A3,0,1,0,0,1,0,1,1
37260,A3,0,1,0,1,1,0,1,1
37275,A3,0,1,0,0,1,0,1,1
37310,A3,0,0,0,0,1,0,1,1
37315,A4,0,1,0,0,1,0,1,1
37320,A4,0,1,0,1,1,0,1,1
37335,A4,0,1,0,0,1,0,1,1
37370,A4,0,0,0,0,1,0,1,1
37375,A5,0,1,0,0,1,0,1,1
37380,A5,0,1,0,1,1,0,1,1
37395,A5,0,1,0,0,1,0,1,1
37430,A5,0,0,0,0,1,0,1,1
37435,A5,0,0,0,0,1,1,1,1
37440,FF,0,0,0,0,1,1,1,1
37445,FF,0,0,0,0,1,0,1,1
37450,5A,0,0,1,0,1,0,1,1
37455,5A,0,0,1,1,1,0,1,1
37470,5A,0,0,1,0,1,0,1,1
37500,5A,0,0,0,0,1,0,1,1
37505,A0,0,1,0,0,1,0,1,1
37510,A0,0,1,0,1,1,0,1,1
37525,A0,0,1,0,0,1,0,1,1
37560,A0,0,0,0,0,1,0,1,1
37565,A1,0,1,0,0,1,0,1,1
37570,A1,0,1,0,1,1,0,1,1
37585,A1,0,1,0,0,1,0,1,1
37620,A1,0,0,0,0,1,0,1,1
37625,A2,0,1,0,0,1,0,1,1
37630,A2,0,1,0,1,1,0,1,1
37645,A2,0,1,0,0,1,0,1,1
37680,A2,0,0,0,0,1,0,1,1
37685,A3,0,1,0,0,1,0,1,1
37690,A3,0,1,0,1,1,0,1,1
37705,A3,0,1,0,0,1,0,1,1
37740,A3,0,0,0,0,1,0,1,1
37745,A4,0,1,0,0,1,0,1,1
37750,A4,0,1,0,1,1,0,1,1
37765,A4,0,1,0,0,1,0,1,1
37800,A4,0,0,0,0,1,0,1,1
37805,A5,0,1,0,0,1,0,1,1
37810,A5,0,1,0,1,1,0,1,1
37825,A5,0,1,0,0,1,0,1,1
37860,A5,0,0,0,0,1,0,1,1
37865,A5,0,0,0,0,1,1,1,1
37870,FF,0,0,0,0,1,1,1,1
37875,FF,0,0,0,0,1,0,1,1
37880,20,0,0,1,0,1,0,1,1
37885,20,0,0,1,1,1,0,1,1
37895,20,0,0,1,0,1,0,1,1
37910,20,0,0,0,0,1,0,1,1
37915,E0,0,1,0,0,1,0,1,1
37920,E0,0,1,0,1,1,0,1,1
37935,E0,0,1,0,0,1,0,1,1
37970,E0,0,0,0,0,1,0,1,1
37975,E1,0,1,0,0,1,0,1,1
37980,E1,0,1,0,1,1,0,1,1
37995,E1,0,1,0,0,1,0,1,1
38030,E1,0,0,0,0,1,0,1,1
38035,E2,0,1,0,0,1,0,1,1
38040,E2,0,1,0,1,1,0,1,1
38055,E2,0,1,0,0,1,0,1,1
38090,E2,0,0,0,0,1,0,1,1
38095,E3,0,1,0,0,1,0,1,1
38100,E3,0,1,0,1,1,0,1,1
38115,E3,0,1,0,0,1,0,1,1
38150,E3,0,0,0,0,1,0,1,1
38155,E4,0,1,0,0,1,0,1,1
38160,E4,0,1,0,1,1,0,1,1
38175,E4,0,1,0,0,1,0,1,1
38210,E4,0,0,0,0,1,0,1,1
38215,E5,0,1,0,0,1,0,1,1
38220,E5,0,1,0,1,1,0,1,1
38235,E5,0,1,0,0,1,0,1,1
38270,E5,0,0,0,0,1,0,1,1
38275,E5,0,0,0,0,1,1,1,1
38280,FF,0,0,0,0,1,1,1,1
38285,FF,0,0,0,0,1,0,1,1
38290,7E,0,0,1,0,1,0,1,1
38295,7E,0,0,1,1,1,0,1,1
38310,7E,0,0,1,0,1,0,1,1
38340,7E,0,0,0,0,1,0,1,1
38345,B0,0,1,0,0,1,0,1,1
38350,B0,0,1,0,1,1,0,1,1
38365,B0,0,1,0,0,1,0,1,1
38400,B0,0,0,0,0,1,0,1,1
38405,B1,0,1,0,0,1,0,1,1
38410,B1,0,1,0,1,1,0,1,1
38425,B1,0,1,0,0,1,0,1,1
38460,B1,0,0,0,0,1,0,1,1
38465,B2,0,1,0,0,1,0,1,1
38470,B2,0,1,0,1,1,0,1,1
38485,B2,0,1,0,0,1,0,1,1
38520,B2,0,0,0,0,1,0,1,1
38525,B3,0,1,0,0,1,0,1,1
38530,B3,0,1,0,1,1,0,1,1
38545,B3,0,1,0,0,1,0,1,1
38580,B3,0,0,0,0,1,0,1,1
38585,B4,0,1,0,0,1,0,1,1
38590,B4,0,1,0,1,1,0,1,1
38605,B4,0,1,0,0,1,0,1,1
38640,B4,0,0,0,0,1,0,1,1
38645,B5,0,1,0,0,1,0,1,1
38650,B5,0,1,0,1,1,0,1,1
38665,B5,0,1,0,0,1,0,1,1
38700,B5,0,0,0,0,1,0,1,1
38705,B5,0,0,0,0,1,1,1,1
38710,FF,0,0,0,0,1,1,1,1
38715,FF,0,0,0,0,1,0,1,1
38720,10,0,0,1,0,1,0,1,1
38725,10,0,0,1,1,1,0,1,1
38735,10,0,0,1,0,1,0,1,1
38750,10,0,0,0,0,1,0,1,1
38755,F0,0,1,0,0,1,0,1,1
38760,F0,0,1,0,1,1,0,1,1
38775,F0,0,1,0,0,1,0,1,1
38810,F0,0,0,0,0,1,0,1,1
38815,F1,0,1,0,0,1,0,1,1
38820,F1,0,1,0,1,1,0,1,1
38835,F1,0,1,0,0,1,0,1,1
38870,F1,0,0,0,0,1,0,1,1
38875,F2,0,1,0,0,1,0,1,1
38880,F2,0,1,0,1,1,0,1,1
38895,F2,0,1,0,0,1,0,1,1
38930,F2,0,0,0,0,1,0,1,1
38935,F3,0,1,0,0,1,0,1,1
38940,F3,0,1,0,1,1,0,1,1
38955,F3,0,1,0,0,1,0,1,1
38990,F3,0,0,0,0,1,0,1,1
38995,F4,0,1,0,0,1,0,1,1
39000,F4,0,1,0,1,1,0,1,1
39015,F4,0,1,0,0,1,0,1,1
39050,F4,0,0,0,0,1,0,1,1
39055,F5,0,1,0,0,1,0,1,1
39060,F5,0,1,0,1,1,0,1,1
39075,F5,0,1,0,0,1,0,1,1
39110,F5,0,0,0,0,1,0,1,1
39115,F5,0,0,0,0,1,1,1,1
39120,FF,0,0,0,0,1,1,1,1
39125,FF,0,0,0,0,1,0,1,1
39130,5A,0,0,1,0,1,0,1,1
39135,5A,0,0,1,1,1,0,1,1
39150,5A,0,0,1,0,1,0,1,1
39180,5A,0,0,0,0,1,0,1,1
39185,A0,0,1,0,0,1,0,1,1
39190,A0,0,1,0,1,1,0,1,1
39205,A0,0,1,0,0,1,0,1,1
39240,A0,0,0,0,0,1,0,1,1
39245,A1,0,1,0,0,1,0,1,1
39250,A1,0,1,0,1,1,0,1,1
39265,A1,0,1,0,0,1,0,1,1
39300,A1,0,0,0,0,1,0,1,1
39305,A2,0,1,0,0,1,0,1,1
39310,A2,0,1,0,1,1,0,1,1
39325,A2,0,1,0,0,1,0,1,1
39360,A2,0,0,0,0,1,0,1,1
39365,A3,0,1,0,0,1,0,1,1
39370,A3,0,1,0,1,1,0,1,1
39385,A3,0,1,0,0,1,0,1,1
39420,A3,0,0,0,0,1,0,1,1
39425,A4,0,1,0,0,1,0,1,1
39430,A4,0,1,0,1,1,0,1,1
39445,A4,0,1,0,0,1,0,1,1
39480,A4,0,0,0,0,1,0,1,1
39485,A5,0,1,0,0,1,0,1,1
39490,A5,0,1,0,1,1,0,1,1
39505,A5,0,1,0,0,1,0,1,1
39540,A5,0,0,0,0,1,0,1,1
39545,A5,0,0,0,0,1,1,1,1
39550,FF,0,0,0,0,1,1,1,1
39555,FF,0,0,0,0,1,0,1,1
39560,10,0,1,1,0,1,0,1,1
39565,10,0,1,1,1,1,0,1,1
39580,10,0,1,1,0,1,0,1,1
39610,10,0,0,0,0,1,0,1,1
39615,10,0,0,0,0,1,1,1,1
39620,FF,0,0,0,0,1,1,1,1
39625,FF,0,0,0,0,1,0,1,1
39630,10,0,0,1,0,1,0,1,1
39635,10,0,0,1,1,1,0,1,1
39645,10,0,0,1,0,1,0,1,1
39660,10,0,0,0,0,1,0,1,1
39665,F0,0,1,0,0,1,0,1,1
39670,F0,0,1,0,1,1,0,1,1
39685,F0,0,1,0,0,1,0,1,1
39720,F0,0,0,0,0,1,0,1,1
39725,F1,0,1,0,0,1,0,1,1
39730,F1,0,1,0,1,1,0,1,1
39745,F1,0,1,0,0,1,0,1,1
39780,F1,0,0,0,0,1,0,1,1
39785,F2,0,1,0,0,1,0,1,1
39790,F2,0,1,0,1,1,0,1,1
39805,F2,0,1,0,0,1,0,1,1
39840,F2,0,0,0,0,1,0,1,1
39845,F3,0,1,0,0,1,0,1,1
39850,F3,0,1,0,1,1,0,1,1
39865,F3,0,1,0,0,1,0,1,1
39900,F3,0,0,0,0,1,0,1,1
39905,F4,0,1,0,0,1,0,1,1
39910,F4,0,1,0,1,1,0,1,1
39925,F4,0,1,0,0,1,0,1,1
39960,F4,0,0,0,0,1,0,1,1
39965,F5,0,1,0,0,1,0,1,1
39970,F5,0,1,0,1,1,0,1,1
39985,F5,0,1,0,0,1,0,1,1
40020,F5,0,0,0,0,1,0,1,1
40025,F5,0,0,0,0,1,1,1,1
40030,FF,0,0,0,0,1,1,1,1
40035,FF,0,0,0,0,1,0,1,1
40040,10,0,0,1,0,1,0,1,1
40045,10,0,0,1,1,1,0,1,1
40060,10,0,0,1,0,1,0,1,1
40090,10,0,0,0,0,1,0,1,1
40095,C0,0,1,0,0,1,0,1,1
40100,C0,0,1,0,1,1,0,1,1
40115,C0,0,1,0,0,1,0,1,1
40150,C0,0,0,0,0,1,0,1,1
40155,C1,0,1,0,0,1,0,1,1
40160,C1,0,1,0,1,1,0,1,1
40175,C1,0,1,0,0,1,0,1,1
40210,C1,0,0,0,0,1,0,1,1
40215,C2,0,1,0,0,1,0,1,1
40220,C2,0,1,0,1,1,0,1,1
40235,C2,0,1,0,0,1,0,1,1
40270,C2,0,0,0,0,1,0,1,1
40275,C3,0,1,0,0,1,0,1,1
40280,C3,0,1,0,1,1,0,1,1
40295,C3,0,1,0,0,1,0,1,1
40330,C3,0,0,0,0,1,0,1,1
40335,C4,0,1,0,0,1,0,1,1
40340,C4,0,1,0,1,1,0,1,1
40355,C4,0,1,0,0,1,0,1,1
40390,C4,0,0,0,0,1,0,1,1
40395,C5,0,1,0,0,1,0,1,1
40400,C5,0,1,0,1,1,0,1,1
40415,C5,0,1,0,0,1,0,1,1
40450,C5,0,0,0,0,1,0,1,1
40455,C5,0,0,0,0,1,1,1,1
40460,FF,0,0,0,0,1,1,1,1
40465,FF,0,0,0,0,1,0,1,1
40470,10,0,1,1,0,1,0,1,1
40475,10,0,1,1,1,1,0,1,1
40490,10,0,1,1,0,1,0,1,1
40520,10,0,0,0,0,1,0,1,1
40525,10,0,0,0,0,1,1,1,1
40530,FF,0,0,0,0,1,1,1,1
40535,FF,0,0,0,0,1,0,1,1
40540,20,0,0,1,0,1,0,1,1
40545,20,0,0,1,1,1,0,1,1
40560,20,0,0,1,0,1,0,1,1
40590,20,0,0,0,0,1,0,1,1
40595,B0,0,0,0,0,1,0,1,1
40600,B0,0,0,0,1,1,0,1,1
40610,B0,0,0,0,0,1,0,1,1
40640,B0,0,0,0,0,1,0,1,1
40645,B1,0,0,0,0,1,0,1,1
40650,B1,0,0,0,1,1,0,1,1
40660,B1,0,0,0,0,1,0,1,1
40690,B1,0,0,0,0,1,0,1,1
40695,B2,0,0,0,0,1,0,1,1
40700,B2,0,0,0,1,1,0,1,1
40710,B2,0,0,0,0,1,0,1,1
40740,B2,0,0,0,0,1,0,1,1
40745,B3,0,0,0,0,1,0,1,1
40750,B3,0,0,0,1,1,0,1,1
40760,B3,0,0,0,0,1,0,1,1
40790,B3,0,0,0,0,1,0,1,1
40795,B4,0,0,0,0,1,0,1,1
40800,B4,0,0,0,1,1,0,1,1
40810,B4,0,0,0,0,1,0,1,1
40840,B4,0,0,0,0,1,0,1,1
40845,B5,0,0,0,0,1,0,1,1
40850,B5,0,0,0,1,1,0,1,1
40860,B5,0,0,0,0,1,0,1,1
40890,B5,0,0,0,0,1,0,1,1
40895,B5,0,0,0,0,1,1,1,1
40900,FF,0,0,0,0,1,1,1,1
40905,FF,0,0,0,0,1,0,1,1
40910,30,0,0,1,0,1,0,1,1
40915,30,0,0,1,1,1,0,1,1
40925,30,0,0,1,0,1,0,1,1
40940,30,0,0,0,0,1,0,1,1
40945,D0,0,1,0,0,1,0,1,1
40950,D0,0,1,0,1,1,0,1,1
40965,D0,0,1,0,0,1,0,1,1
41000,D0,0,0,0,0,1,0,1,1
41005,D1,0,1,0,0,1,0,1,1
41010,D1,0,1,0,1,1,0,1,1
41025,D1,0,1,0,0,1,0,1,1
41060,D1,0,0,0,0,1,0,1,1
41065,D2,0,1,0,0,1,0,1,1
41070,D2,0,1,0,1,1,0,1,1
41085,D2,0,1,0,0,1,0,1,1
41120,D2,0,0,0,0,1,0,1,1
41125,D3,0,1,0,0,1,0,1,1
41130,D3,0,1,0,1,1,0,1,1
41145,D3,0,1,0,0,1,0,1,1
41180,D3,0,0,0,0,1,0,1,1
41185,D4,0,1,0,0,1,0,1,1
41190,D4,0,1,0,1,1,0,1,1
41205,D4,0,1,0,0,1,0,1,1
41240,D4,0,0,0,0,1,0,1,1
41245,D5,0,1,0,0,1,0,1,1
41250,D5,0,1,0,1,1,0,1,1
41265,D5,0,1,0,0,1,0,1,1
41300,D5,0,0,0,0,1,0,1,1
41305,D5,0,0,0,0,1,1,1,1
41310,FF,0,0,0,0,1,1,1,1
41315,FF,0,0,0,0,1,0,1,1
41320,30,0,0,1,0,1,0,1,1
41325,30,0,0,1,1,1,0,1,1
41340,30,0,0,1,0,1,0,1,1
41370,30,0,0,0,0,1,0,1,1
41375,A0,0,1,0,0,1,0,1,1
41380,A0,0,1,0,1,1,0,1,1
41395,A0,0,1,0,0,1,0,1,1
41430,A0,0,0,0,0,1,0,1,1
41435,A1,0,1,0,0,1,0,1,1
41440,A1,0,1,0,1,1,0,1,1
41455,A1,0,1,0,0,1,0,1,1
41490,A1,0,0,0,0,1,0,1,1
41495,A2,0,1,0,0,1,0,1,1
41500,A2,0,1,0,1,1,0,1,1
41515,A2,0,1,0,0,1,0,1,1
41550,A2,0,0,0,0,1,0,1,1
41555,A3,0,1,0,0,1,0,1,1
41560,A3,0,1,0,1,1,0,1,1
41575,A3,0,1,0,0,1,0,1,1
41610,A3,0,0,0,0,1,0,1,1
41615,A4,0,1,0,0,1,0,1,1
41620,A4,0,1,0,1,1,0,1,1
41635,A4,0,1,0,0,1,0,1,1
41670,A4,0,0,0,0,1,0,1,1
41675,A5,0,1,0,0,1,0,1,1
41680,A5,0,1,0,1,1,0,1,1
41695,A5,0,1,0,0,1,0,1,1
41730,A5,0,0,0,0,1,0,1,1
41735,A5,0,0,0,0,1,1,1,1
41740,FF,0,0,0,0,1,1,1,1
41745,FF,0,0,0,0,1,0,1,1
41750,30,0,0,1,0,1,0,1,1
41755,30,0,0,1,1,1,0,1,1
41765,30,0,0,1,0,1,0,1,1
41780,30,0,0,0,0,1,0,1,1
41785,D0,0,1,0,0,1,0,1,1
41790,D0,0,1,0,1,1,0,1,1
41805,D0,0,1,0,0,1,0,1,1
41840,D0,0,0,0,0,1,0,1,1
41845,D1,0,1,0,0,1,0,1,1
41850,D1,0,1,0,1,1,0,1,1
41865,D1,0,1,0,0,1,0,1,1
41900,D1,0,0,0,0,1,0,1,1
41905,D2,0,1,0,0,1,0,1,1
41910,D2,0,1,0,1,1,0,1,1
41925,D2,0,1,0,0,1,0,1,1
41960,D2,0,0,0,0,1,0,1,1
41965,D3,0,1,0,0,1,0,1,1
41970,D3,0,1,0,1,1,0,1,1
41985,D3,0,1,0,0,1,0,1,1
42020,D3,0,0,0,0,1,0,1,1
42025,D4,0,1,0,0,1,0,1,1
42030,D4,0,1,0,1,1,0,1,1
42045,D4,0,1,0,0,1,0,1,1
42080,D4,0,0,0,0,1,0,1,1
42085,D5,0,1,0,0,1,0,1,1
42090,D5,0,1,0,1,1,0,1,1
42105,D5,0,1,0,0,1,0,1,1
42140,D5,0,0,0,0,1,0,1,1
42145,D5,0,0,0,0,1,1,1,1
42150,FF,0,0,0,0,1,1,1,1
42155,FF,0,0,0,0,1,0,1,1
42160,20,0,0,1,0,1,0,1,1
42165,20,0,0,1,1,1,0,1,1
42180,20,0,0,1,0,1,0,1,1
42210,20,0,0,0,0,1,0,1,1
42215,B0,0,1,0,0,1,0,1,1
42220,B0,0,1,0,1,1,0,1,1
42235,B0,0,1,0,0,1,0,1,1
42270,B0,0,0,0,0,1,0,1,1
42275,B1,0,1,0,0,1,0,1,1
42280,B1,0,1,0,1,1,0,1,1
42295,B1,0,1,0,0,1,0,1,1
42330,B1,0,0,0,0,1,0,1,1
42335,B2,0,1,0,0,1,0,1,1
42340,B2,0,1,0,1,1,0,1,1
42355,B2,0,1,0,0,1,0,1,1
42390,B2,0,0,0,0,1,0,1,1
42395,B3,0,1,0,0,1,0,1,1
42400,B3,0,1,0,1,1,0,1,1
42420,B3,0,1,0,0,1,0,1,1
42445,B3,0,0,0,0,1,0,1,1
42450,B4,0,1,0,0,1,0,1,1
42455,B4,0,1,0,1,1,0,1,1
42475,B4,0,1,0,0,1,0,1,1
42500,B4,0,0,0,0,1,0,1,1
42505,B5,0,1,0,0,1,0,1,1
42510,B5,0,1,0,1,1,0,1,1
42530,B5,0,1,0,0,1,0,1,1
42555,B5,0,0,0,0,1,0,1,1
42560,B5,0,0,0,0,1,1,1,1
42565,FF,0,0,0,0,1,1,1,1
42570,FF,0,0,0,0,1,0,1,1
42575,20,0,0,1,0,1,0,1,1
42580,20,0,0,1,1,1,0,1,1
42595,20,0,0,1,0,1,0,1,1
42625,20,0,0,0,0,1,0,1,1
42630,B0,0,0,0,0,1,0,1,1
42635,B0,0,0,0,1,1,0,1,1
42645,B0,0,0,0,0,1,0,1,1
42675,B0,0,0,0,0,1,0,1,1
42680,B1,0,0,0,0,1,0,1,1
42685,B1,0,0,0,1,1,0,1,1
42695,B1,0,0,0,0,1,0,1,1
42725,B1,0,0,0,0,1,0,1,1
42730,B2,0,0,0,0,1,0,1,1
42735,B2,0,0,0,1,1,0,1,1
42745,B2,0,0,0,0,1,0,1,1
42775,B2,0,0,0,0,1,0,1,1
42780,B3,0,0,0,0,1,0,1,1
42785,B3,0,0,0,1,1,0,1,1
42795,B3,0,0,0,0,1,0,1,1
42825,B3,0,0,0,0,1,0,1,1
42830,B4,0,0,0,0,1,0,1,1
42835,B4,0,0,0,1,1,0,1,1
42845,B4,0,0,0,0,1,0,1,1
42875,B4,0,0,0,0,1,0,1,1
42880,B5,0,0,0,0,1,0,1,1
42885,B5,0,0,0,1,1,0,1,1
42895,B5,0,0,0,0,1,0,1,1
42925,B5,0,0,0,0,1,0,1,1
42930,B5,0,0,0,0,1,1,1,1
42935,FF,0,0,0,0,1,1,1,1
42940,FF,0,0,0,0,1,0,1,1
42945,30,0,0,1,0,1,0,1,1
42950,30,0,0,1,1,1,0,1,1
42960,30,0,0,1,0,1,0,1,1
42975,30,0,0,0,0,1,0,1,1
42980,D0,0,1,0,0,1,0,1,1
42985,D0,0,1,0,1,1,0,1,1
43000,D0,0,1,0,0,1,0,1,1
43035,D0,0,0,0,0,1,0,1,1
43040,D1,0,1,0,0,1,0,1,1
43045,D1,0,1,0,1,1,0,1,1
43060,D1,0,1,0,0,1,0,1,1
43095,D1,0,0,0,0,1,0,1,1
43100,D2,0,1,0,0,1,0,1,1
43105,D2,0,1,0,1,1,0,1,1
43120,D2,0,1,0,0,1,0,1,1
43155,D2,0,0,0,0,1,0,1,1
43160,D3,0,1,0,0,1,0,1,1
43165,D3,0,1,0,1,1,0,1,1
43180,D3,0,1,0,0,1,0,1,1
43215,D3,0,0,0,0,1,0,1,1
43220,D4,0,1,0,0,1,0,1,1
43225,D4,0,1,0,1,1,0,1,1
43240,D4,0,1,0,0,1,0,1,1
43275,D4,0,0,0,0,1,0,1,1
43280,D5,0,1,0,0,1,0,1,1
43285,D5,0,1,0,1,1,0,1,1
43300,D5,0,1,0,0,1,0,1,1
43335,D5,0,0,0,0,1,0,1,1
43340,D5,0,0,0,0,1,1,1,1
43345,FF,0,0,0,0,1,1,1,1
43350,FF,0,0,0,0,1,0,1,1
43355,30,0,0,1,0,1,0,1,1
43360,30,0,0,1,1,1,0,1,1
43375,30,0,0,1,0,1,0,1,1
43405,30,0,0,0,0,1,0,1,1
43410,A0,0,1,0,0,1,0,1,1
43415,A0,0,1,0,1,1,0,1,1
43430,A0,0,1,0,0,1,0,1,1
43465,A0,0,0,0,0,1,0,1,1
43470,A1,0,1,0,0,1,0,1,1
43475,A1,0,1,0,1,1,0,1,1
43490,A1,0,1,0,0,1,0,1,1
43525,A1,0,0,0,0,1,0,1,1
43530,A2,0,1,0,0,1,0,1,1
43535,A2,0,1,0,1,1,0,1,1
43550,A2,0,1,0,0,1,0,1,1
43585,A2,0,0,0,0,1,0,1,1
43590,A3,0,1,0,0,1,0,1,1
43595,A3,0,1,0,1,1,0,1,1
43610,A3,0,1,0,0,1,0,1,1
43645,A3,0,0,0,0,1,0,1,1
43650,A4,0,1,0,0,1,0,1,1
43655,A4,0,1,0,1,1,0,1,1
43670,A4,0,1,0,0,1,0,1,1
43705,A4,0,0,0,0,1,0,1,1
43710,A5,0,1,0,0,1,0,1,1
43715,A5,0,1,0,1,1,0,1,1
43730,A5,0,1,0,0,1,0,1,1
43765,A5,0,0,0,0,1,0,1,1
43770,A5,0,0,0,0,1,1,1,1
43775,FF,0,0,0,0,1,1,1,1
43780,FF,0,0,0,0,1,0,1,1
43785,5A,0,0,1,0,1,0,1,1
43790,5A,0,0,1,1,1,0,1,1
43805,5A,0,0,1,0,1,0,1,1
43835,5A,0,0,0,0,1,0,1,1
43840,A0,0,1,0,0,1,0,1,1
43845,A0,0,1,0,1,1,0,1,1
43860,A0,0,1,0,0,1,0,1,1
43895,A0,0,0,0,0,1,0,1,1
43900,A1,0,1,0,0,1,0,1,1
43905,A1,0,1,0,1,1,0,1,1
43920,A1,0,1,0,0,1,0,1,1
43955,A1,0,0,0,0,1,0,1,1
43960,A2,0,1,0,0,1,0,1,1
43965,A2,0,1,0,1,1,0,1,1
43980,A2,0,1,0,0,1,0,1,1
44015,A2,0,0,0,0,1,0,1,1
44020,A3,0,1,0,0,1,0,1,1
44025,A3,0,1,0,1,1,0,1,1
44040,A3,0,1,0,0,1,0,1,1
44075,A3,0,0,0,0,1,0,1,1
44080,A4,0,1,0,0,1,0,1,1
44085,A4,0,1,0,1,1,0,1,1
44100,A4,0,1,0,0,1,0,1,1
44135,A4,0,0,0,0,1,0,1,1
44140,A5,0,1,0,0,1,0,1,1
44145,A5,0,1,0,1,1,0,1,1
44160,A5,0,1,0,0,1,0,1,1
44195,A5,0,0,0,0,1,0,1,1
44200,A5,0,0,0,0,1,1,1,1
44205,FF,0,0,0,0,1,1,1,1
44210,FF,0,0,0,0,1,0,1,1
44215,30,0,0,1,0,1,0,1,1
44220,30,0,0,1,1,1,0,1,1
44230,30,0,0,1,0,1,0,1,1
44235,30,0,0,0,0,1,0,1,1
44240,FF,0,0,0,0,1,1,1,1
44260,FF,0,0,0,0,1,0,1,1
44265,20,0,0,1,0,1,0,1,1
44270,20,0,0,1,1,1,0,1,1
44280,20,0,0,1,0,1,0,1,1
44285,20,0,0,0,0,1,0,1,1
44290,FF,0,0,0,0,1,1,1,1
44310,FF,0,0,0,0,1,0,1,1
44315,10,0,0,1,0,1,0,1,1
44320,10,0,0,1,1,1,0,1,1
44330,10,0,0,1,0,1,0,1,1
44335,10,0,0,0,0,1,0,1,1
44340,FF,0,0,0,0,1,1,1,1
44360,FF,0,0,0,0,1,0,1,1
44365,20,0,0,1,0,1,0,1,1
44370,20,0,0,1,1,1,0,1,1
44380,20,0,0,1,0,1,0,1,1
44400,20,0,0,0,0,1,0,1,1
44410,A0,0,1,0,0,1,0,1,1
44415,A0,0,1,0,1,1,0,1,1
44425,A0,0,1,0,0,1,0,1,1
44440,A0,0,0,0,0,1,0,1,1
44445,FF,0,0,0,0,1,1,1,1
44450,FF,0,0,0,0,1,0,1,1
44455,A1,0,1,0,0,1,0,1,1
44460,A1,0,1,0,1,1,0,1,1
44470,A1,0,1,0,0,1,0,1,1
44485,A1,0,0,0,0,1,0,1,1
44490,FF,0,0,0,0,1,1,1,1
44495,FF,0,0,0,0,1,0,1,1
44500,A2,0,1,0,0,1,0,1,1
44505,A2,0,1,0,1,1,0,1,1
44515,A2,0,1,0,0,1,0,1,1
44530,A2,0,0,0,0,1,0,1,1
44535,FF,0,0,0,0,1,1,1,1
44540,FF,0,0,0,0,1,0,1,1
44545,B0,0,1,0,0,1,0,1,1
44550,B0,0,1,0,1,1,0,1,1
44560,B0,0,1,0,0,1,0,1,1
44585,B0,0,0,0,0,1,0,1,1
44590,FF,0,0,0,0,1,1,1,1
44595,FF,0,0,0,1,1,1,1,1
